frame_id,video_id,frame_number,timestamp_seconds,width,height,source_video,source_sha256,local_filename,sha256,stage
e6d3b582_000000,e6d3b582,0,0.0,720,1280,#جمعه مباركه ♥️#مسجدالسلطان_حسن #مسجد #مساجد #مصر #القاهره #photography #cairo #egyp#explore #fy.mp4,e6d3b58266c8b9f4d93e01cff87de592966468d01ab30df92087acb0c52bf2f5,جمعه_مباركه_مسجدالسلطان_حسن_مسجد_مساجد_م_e6d3b582_000000_0.00s.jpg,4f2d15e3ce4cb3f8a1e54cdafcccf9ae379c9b05e9304a54070274e7c984d4a1,EXTRACTED
e6d3b582_000015,e6d3b582,15,0.5,720,1280,#جمعه مباركه ♥️#مسجدالسلطان_حسن #مسجد #مساجد #مصر #القاهره #photography #cairo #egyp#explore #fy.mp4,e6d3b58266c8b9f4d93e01cff87de592966468d01ab30df92087acb0c52bf2f5,جمعه_مباركه_مسجدالسلطان_حسن_مسجد_مساجد_م_e6d3b582_000015_0.50s.jpg,749dc37b543aa17d8b69bff00093c838caabe47afd5cea435204559ac32bd89b,EXTRACTED
e6d3b582_000030,e6d3b582,30,1.0,720,1280,#جمعه مباركه ♥️#مسجدالسلطان_حسن #مسجد #مساجد #مصر #القاهره #photography #cairo #egyp#explore #fy.mp4,e6d3b58266c8b9f4d93e01cff87de592966468d01ab30df92087acb0c52bf2f5,جمعه_مباركه_مسجدالسلطان_حسن_مسجد_مساجد_م_e6d3b582_000030_1.00s.jpg,e6a939dd3b1d0fb87ec9997f6ee83ea910cc9eed85bfbe91c11885fb9aef1af1,EXTRACTED
e6d3b582_000045,e6d3b582,45,1.5,720,1280,#جمعه مباركه ♥️#مسجدالسلطان_حسن #مسجد #مساجد #مصر #القاهره #photography #cairo #egyp#explore #fy.mp4,e6d3b58266c8b9f4d93e01cff87de592966468d01ab30df92087acb0c52bf2f5,جمعه_مباركه_مسجدالسلطان_حسن_مسجد_مساجد_م_e6d3b582_000045_1.50s.jpg,677498467b4598a5f32ed87ca992368beb1644952f871d3dad7ab0350e4ce669,EXTRACTED
e6d3b582_000060,e6d3b582,60,2.0,720,1280,#جمعه مباركه ♥️#مسجدالسلطان_حسن #مسجد #مساجد #مصر #القاهره #photography #cairo #egyp#explore #fy.mp4,e6d3b58266c8b9f4d93e01cff87de592966468d01ab30df92087acb0c52bf2f5,جمعه_مباركه_مسجدالسلطان_حسن_مسجد_مساجد_م_e6d3b582_000060_2.00s.jpg,84024ece5bc1e60f8387a053269e27f2bccd5e2f988f771c6873455779f3da5b,EXTRACTED
e6d3b582_000075,e6d3b582,75,2.5,720,1280,#جمعه مباركه ♥️#مسجدالسلطان_حسن #مسجد #مساجد #مصر #القاهره #photography #cairo #egyp#explore #fy.mp4,e6d3b58266c8b9f4d93e01cff87de592966468d01ab30df92087acb0c52bf2f5,جمعه_مباركه_مسجدالسلطان_حسن_مسجد_مساجد_م_e6d3b582_000075_2.50s.jpg,e7c8a06e218b21129c510da0af17ec1eb3ad1f3e232931bdd7fd092086f916cf,EXTRACTED
e6d3b582_000090,e6d3b582,90,3.0,720,1280,#جمعه مباركه ♥️#مسجدالسلطان_حسن #مسجد #مساجد #مصر #القاهره #photography #cairo #egyp#explore #fy.mp4,e6d3b58266c8b9f4d93e01cff87de592966468d01ab30df92087acb0c52bf2f5,جمعه_مباركه_مسجدالسلطان_حسن_مسجد_مساجد_م_e6d3b582_000090_3.00s.jpg,e229b0113acdba25d1a1e5a937fe728d9c678d1cb95a291a51d32688a065e915,EXTRACTED
e6d3b582_000105,e6d3b582,105,3.5,720,1280,#جمعه مباركه ♥️#مسجدالسلطان_حسن #مسجد #مساجد #مصر #القاهره #photography #cairo #egyp#explore #fy.mp4,e6d3b58266c8b9f4d93e01cff87de592966468d01ab30df92087acb0c52bf2f5,جمعه_مباركه_مسجدالسلطان_حسن_مسجد_مساجد_م_e6d3b582_000105_3.50s.jpg,4641231132fcc5ba7371b2d19da2c55dd4658dbd3383e5398370ae86c0bb1461,EXTRACTED
e6d3b582_000120,e6d3b582,120,4.0,720,1280,#جمعه مباركه ♥️#مسجدالسلطان_حسن #مسجد #مساجد #مصر #القاهره #photography #cairo #egyp#explore #fy.mp4,e6d3b58266c8b9f4d93e01cff87de592966468d01ab30df92087acb0c52bf2f5,جمعه_مباركه_مسجدالسلطان_حسن_مسجد_مساجد_م_e6d3b582_000120_4.00s.jpg,dd2d76de356ddefa084c10ef25e05cc8539eafa754c1bb0efb442676624b83cb,EXTRACTED
e6d3b582_000135,e6d3b582,135,4.5,720,1280,#جمعه مباركه ♥️#مسجدالسلطان_حسن #مسجد #مساجد #مصر #القاهره #photography #cairo #egyp#explore #fy.mp4,e6d3b58266c8b9f4d93e01cff87de592966468d01ab30df92087acb0c52bf2f5,جمعه_مباركه_مسجدالسلطان_حسن_مسجد_مساجد_م_e6d3b582_000135_4.50s.jpg,882d6a1d0825ad29e0bd242f4338ead034bf3a45539b7bbe677a04bf40873a69,EXTRACTED
e6d3b582_000150,e6d3b582,150,5.0,720,1280,#جمعه مباركه ♥️#مسجدالسلطان_حسن #مسجد #مساجد #مصر #القاهره #photography #cairo #egyp#explore #fy.mp4,e6d3b58266c8b9f4d93e01cff87de592966468d01ab30df92087acb0c52bf2f5,جمعه_مباركه_مسجدالسلطان_حسن_مسجد_مساجد_م_e6d3b582_000150_5.00s.jpg,daaf3bf60d99e9be5d36ab71ea4f988e8741b1534fb590b0fbaa6d83b53cbf2f,EXTRACTED
e6d3b582_000165,e6d3b582,165,5.5,720,1280,#جمعه مباركه ♥️#مسجدالسلطان_حسن #مسجد #مساجد #مصر #القاهره #photography #cairo #egyp#explore #fy.mp4,e6d3b58266c8b9f4d93e01cff87de592966468d01ab30df92087acb0c52bf2f5,جمعه_مباركه_مسجدالسلطان_حسن_مسجد_مساجد_م_e6d3b582_000165_5.50s.jpg,83ff05d67886f5b072cd84265d4c74ee32d56c075d089a53f55dbb70dd2a7050,EXTRACTED
e6d3b582_000180,e6d3b582,180,6.0,720,1280,#جمعه مباركه ♥️#مسجدالسلطان_حسن #مسجد #مساجد #مصر #القاهره #photography #cairo #egyp#explore #fy.mp4,e6d3b58266c8b9f4d93e01cff87de592966468d01ab30df92087acb0c52bf2f5,جمعه_مباركه_مسجدالسلطان_حسن_مسجد_مساجد_م_e6d3b582_000180_6.00s.jpg,69818b406d671494e31565d4e481e4511d877305a40c2e638f098af3acbd41be,EXTRACTED
e6d3b582_000195,e6d3b582,195,6.5,720,1280,#جمعه مباركه ♥️#مسجدالسلطان_حسن #مسجد #مساجد #مصر #القاهره #photography #cairo #egyp#explore #fy.mp4,e6d3b58266c8b9f4d93e01cff87de592966468d01ab30df92087acb0c52bf2f5,جمعه_مباركه_مسجدالسلطان_حسن_مسجد_مساجد_م_e6d3b582_000195_6.50s.jpg,539d26fde3ab96b0096679625760426d3c777d596031dc99807cbfe921fcf0e8,EXTRACTED
e6d3b582_000210,e6d3b582,210,7.0,720,1280,#جمعه مباركه ♥️#مسجدالسلطان_حسن #مسجد #مساجد #مصر #القاهره #photography #cairo #egyp#explore #fy.mp4,e6d3b58266c8b9f4d93e01cff87de592966468d01ab30df92087acb0c52bf2f5,جمعه_مباركه_مسجدالسلطان_حسن_مسجد_مساجد_م_e6d3b582_000210_7.00s.jpg,ed3990813b8e273b0cb7c23a4c651927427927b163c4ad29f6afd45c6774c36a,EXTRACTED
e6d3b582_000225,e6d3b582,225,7.5,720,1280,#جمعه مباركه ♥️#مسجدالسلطان_حسن #مسجد #مساجد #مصر #القاهره #photography #cairo #egyp#explore #fy.mp4,e6d3b58266c8b9f4d93e01cff87de592966468d01ab30df92087acb0c52bf2f5,جمعه_مباركه_مسجدالسلطان_حسن_مسجد_مساجد_م_e6d3b582_000225_7.50s.jpg,3b60da3a4222418665a9876c84af5ac0b09a905c868528e6336d29cc43ab2174,EXTRACTED
e6d3b582_000240,e6d3b582,240,8.0,720,1280,#جمعه مباركه ♥️#مسجدالسلطان_حسن #مسجد #مساجد #مصر #القاهره #photography #cairo #egyp#explore #fy.mp4,e6d3b58266c8b9f4d93e01cff87de592966468d01ab30df92087acb0c52bf2f5,جمعه_مباركه_مسجدالسلطان_حسن_مسجد_مساجد_م_e6d3b582_000240_8.00s.jpg,1fd9c07ea06fbdb529470b8f81fff079ecffcc592b5423ca5190a1f9f51f87be,EXTRACTED
e6d3b582_000255,e6d3b582,255,8.5,720,1280,#جمعه مباركه ♥️#مسجدالسلطان_حسن #مسجد #مساجد #مصر #القاهره #photography #cairo #egyp#explore #fy.mp4,e6d3b58266c8b9f4d93e01cff87de592966468d01ab30df92087acb0c52bf2f5,جمعه_مباركه_مسجدالسلطان_حسن_مسجد_مساجد_م_e6d3b582_000255_8.50s.jpg,4c5a28021987858f8f31d056d32f86be7ad94f0bb520e93df5556e333e6cf371,EXTRACTED
e6d3b582_000270,e6d3b582,270,9.0,720,1280,#جمعه مباركه ♥️#مسجدالسلطان_حسن #مسجد #مساجد #مصر #القاهره #photography #cairo #egyp#explore #fy.mp4,e6d3b58266c8b9f4d93e01cff87de592966468d01ab30df92087acb0c52bf2f5,جمعه_مباركه_مسجدالسلطان_حسن_مسجد_مساجد_م_e6d3b582_000270_9.00s.jpg,193278af4358b7687ed16d4f5b69b327c3086583365727ed4470d407a2bccbf5,EXTRACTED
e6d3b582_000285,e6d3b582,285,9.5,720,1280,#جمعه مباركه ♥️#مسجدالسلطان_حسن #مسجد #مساجد #مصر #القاهره #photography #cairo #egyp#explore #fy.mp4,e6d3b58266c8b9f4d93e01cff87de592966468d01ab30df92087acb0c52bf2f5,جمعه_مباركه_مسجدالسلطان_حسن_مسجد_مساجد_م_e6d3b582_000285_9.50s.jpg,a7d71107d1ba8100ae5ada9ff40b6413666a64f3b92f320f1b10ac29abcdf741,EXTRACTED
e6d3b582_000300,e6d3b582,300,10.0,720,1280,#جمعه مباركه ♥️#مسجدالسلطان_حسن #مسجد #مساجد #مصر #القاهره #photography #cairo #egyp#explore #fy.mp4,e6d3b58266c8b9f4d93e01cff87de592966468d01ab30df92087acb0c52bf2f5,جمعه_مباركه_مسجدالسلطان_حسن_مسجد_مساجد_م_e6d3b582_000300_10.00s.jpg,ae2dd6ed40d365bd8d7eaba7a26d3d2034c2461921b62a8faf2a8cd8341ace0e,EXTRACTED
e6d3b582_000315,e6d3b582,315,10.5,720,1280,#جمعه مباركه ♥️#مسجدالسلطان_حسن #مسجد #مساجد #مصر #القاهره #photography #cairo #egyp#explore #fy.mp4,e6d3b58266c8b9f4d93e01cff87de592966468d01ab30df92087acb0c52bf2f5,جمعه_مباركه_مسجدالسلطان_حسن_مسجد_مساجد_م_e6d3b582_000315_10.50s.jpg,861fb919dab1a1d712f10c757246fe5f317dac904e7b4c7e44c149b5b12539cd,EXTRACTED
e6d3b582_000330,e6d3b582,330,11.0,720,1280,#جمعه مباركه ♥️#مسجدالسلطان_حسن #مسجد #مساجد #مصر #القاهره #photography #cairo #egyp#explore #fy.mp4,e6d3b58266c8b9f4d93e01cff87de592966468d01ab30df92087acb0c52bf2f5,جمعه_مباركه_مسجدالسلطان_حسن_مسجد_مساجد_م_e6d3b582_000330_11.00s.jpg,5373cda6fc1a872ffad291ad18b9ae65015ded21eda7a14efec162e77dbd8bc2,EXTRACTED
e6d3b582_000345,e6d3b582,345,11.5,720,1280,#جمعه مباركه ♥️#مسجدالسلطان_حسن #مسجد #مساجد #مصر #القاهره #photography #cairo #egyp#explore #fy.mp4,e6d3b58266c8b9f4d93e01cff87de592966468d01ab30df92087acb0c52bf2f5,جمعه_مباركه_مسجدالسلطان_حسن_مسجد_مساجد_م_e6d3b582_000345_11.50s.jpg,70182b90b148263eaf6147a3f2d069a9db4103d8b5731da4693cb03151ba5a4e,EXTRACTED
e6d3b582_000360,e6d3b582,360,12.0,720,1280,#جمعه مباركه ♥️#مسجدالسلطان_حسن #مسجد #مساجد #مصر #القاهره #photography #cairo #egyp#explore #fy.mp4,e6d3b58266c8b9f4d93e01cff87de592966468d01ab30df92087acb0c52bf2f5,جمعه_مباركه_مسجدالسلطان_حسن_مسجد_مساجد_م_e6d3b582_000360_12.00s.jpg,ca1f6161b5bc7ea825fc9fe44466d9074d2bf1f15827e41096749a0772e0f03d,EXTRACTED
e6d3b582_000375,e6d3b582,375,12.5,720,1280,#جمعه مباركه ♥️#مسجدالسلطان_حسن #مسجد #مساجد #مصر #القاهره #photography #cairo #egyp#explore #fy.mp4,e6d3b58266c8b9f4d93e01cff87de592966468d01ab30df92087acb0c52bf2f5,جمعه_مباركه_مسجدالسلطان_حسن_مسجد_مساجد_م_e6d3b582_000375_12.50s.jpg,eae1374bac6ed7338e8d1931cd2bea30acd7b8787c3d711689915175f89b1003,EXTRACTED
e6d3b582_000390,e6d3b582,390,13.0,720,1280,#جمعه مباركه ♥️#مسجدالسلطان_حسن #مسجد #مساجد #مصر #القاهره #photography #cairo #egyp#explore #fy.mp4,e6d3b58266c8b9f4d93e01cff87de592966468d01ab30df92087acb0c52bf2f5,جمعه_مباركه_مسجدالسلطان_حسن_مسجد_مساجد_م_e6d3b582_000390_13.00s.jpg,fce161239338ad57d7b93e5bce873521bb7333b48a18560a7c182ff26f1f861b,EXTRACTED
e6d3b582_000405,e6d3b582,405,13.5,720,1280,#جمعه مباركه ♥️#مسجدالسلطان_حسن #مسجد #مساجد #مصر #القاهره #photography #cairo #egyp#explore #fy.mp4,e6d3b58266c8b9f4d93e01cff87de592966468d01ab30df92087acb0c52bf2f5,جمعه_مباركه_مسجدالسلطان_حسن_مسجد_مساجد_م_e6d3b582_000405_13.50s.jpg,318a1867c44b18264a9ba2f141b69d54e987683c2bc55d67ebb1e935207b7028,EXTRACTED
e6d3b582_000420,e6d3b582,420,14.0,720,1280,#جمعه مباركه ♥️#مسجدالسلطان_حسن #مسجد #مساجد #مصر #القاهره #photography #cairo #egyp#explore #fy.mp4,e6d3b58266c8b9f4d93e01cff87de592966468d01ab30df92087acb0c52bf2f5,جمعه_مباركه_مسجدالسلطان_حسن_مسجد_مساجد_م_e6d3b582_000420_14.00s.jpg,8142b5100758b358486e061d8f76a8f93576ed9f300df9faf475a9b57133c76b,EXTRACTED
e6d3b582_000435,e6d3b582,435,14.5,720,1280,#جمعه مباركه ♥️#مسجدالسلطان_حسن #مسجد #مساجد #مصر #القاهره #photography #cairo #egyp#explore #fy.mp4,e6d3b58266c8b9f4d93e01cff87de592966468d01ab30df92087acb0c52bf2f5,جمعه_مباركه_مسجدالسلطان_حسن_مسجد_مساجد_م_e6d3b582_000435_14.50s.jpg,440d9ce89b82dc50e8e005786b66ab45bfd54fbd69fae9dba11ae75e24f41f71,EXTRACTED
e6d3b582_000450,e6d3b582,450,15.0,720,1280,#جمعه مباركه ♥️#مسجدالسلطان_حسن #مسجد #مساجد #مصر #القاهره #photography #cairo #egyp#explore #fy.mp4,e6d3b58266c8b9f4d93e01cff87de592966468d01ab30df92087acb0c52bf2f5,جمعه_مباركه_مسجدالسلطان_حسن_مسجد_مساجد_م_e6d3b582_000450_15.00s.jpg,b3dfdb6e77623060b7af2bee45b7aa60f728e9f055641ea4db595d0294707ee0,EXTRACTED
e6d3b582_000465,e6d3b582,465,15.5,720,1280,#جمعه مباركه ♥️#مسجدالسلطان_حسن #مسجد #مساجد #مصر #القاهره #photography #cairo #egyp#explore #fy.mp4,e6d3b58266c8b9f4d93e01cff87de592966468d01ab30df92087acb0c52bf2f5,جمعه_مباركه_مسجدالسلطان_حسن_مسجد_مساجد_م_e6d3b582_000465_15.50s.jpg,867c7e6b779fbdb6794396ea7354d29471c601c55b8cf1350426d763e95bc92b,EXTRACTED
e6d3b582_000480,e6d3b582,480,16.0,720,1280,#جمعه مباركه ♥️#مسجدالسلطان_حسن #مسجد #مساجد #مصر #القاهره #photography #cairo #egyp#explore #fy.mp4,e6d3b58266c8b9f4d93e01cff87de592966468d01ab30df92087acb0c52bf2f5,جمعه_مباركه_مسجدالسلطان_حسن_مسجد_مساجد_م_e6d3b582_000480_16.00s.jpg,130d98681f3202ba08340b0b8d5519163c7ef7de8671b31749ccc0f3c0c0275b,EXTRACTED
e6d3b582_000495,e6d3b582,495,16.5,720,1280,#جمعه مباركه ♥️#مسجدالسلطان_حسن #مسجد #مساجد #مصر #القاهره #photography #cairo #egyp#explore #fy.mp4,e6d3b58266c8b9f4d93e01cff87de592966468d01ab30df92087acb0c52bf2f5,جمعه_مباركه_مسجدالسلطان_حسن_مسجد_مساجد_م_e6d3b582_000495_16.50s.jpg,421e237520e5a9431b5597ea9584e16ef2b24fbb784ef5b0d2dad90062219461,EXTRACTED
e6d3b582_000510,e6d3b582,510,17.0,720,1280,#جمعه مباركه ♥️#مسجدالسلطان_حسن #مسجد #مساجد #مصر #القاهره #photography #cairo #egyp#explore #fy.mp4,e6d3b58266c8b9f4d93e01cff87de592966468d01ab30df92087acb0c52bf2f5,جمعه_مباركه_مسجدالسلطان_حسن_مسجد_مساجد_م_e6d3b582_000510_17.00s.jpg,dabbb28c81240733f7311b52b43ab14e25038d2f9c4d42ee7b5c4360581a1c21,EXTRACTED
e6d3b582_000525,e6d3b582,525,17.5,720,1280,#جمعه مباركه ♥️#مسجدالسلطان_حسن #مسجد #مساجد #مصر #القاهره #photography #cairo #egyp#explore #fy.mp4,e6d3b58266c8b9f4d93e01cff87de592966468d01ab30df92087acb0c52bf2f5,جمعه_مباركه_مسجدالسلطان_حسن_مسجد_مساجد_م_e6d3b582_000525_17.50s.jpg,4fbfe05a281b63dc1e7f4e35c35080a6989935925c77f9af7d5438276fa4e324,EXTRACTED
e6d3b582_000540,e6d3b582,540,18.0,720,1280,#جمعه مباركه ♥️#مسجدالسلطان_حسن #مسجد #مساجد #مصر #القاهره #photography #cairo #egyp#explore #fy.mp4,e6d3b58266c8b9f4d93e01cff87de592966468d01ab30df92087acb0c52bf2f5,جمعه_مباركه_مسجدالسلطان_حسن_مسجد_مساجد_م_e6d3b582_000540_18.00s.jpg,7d182e2b5e5913bacfcc8c5fc2aa4e825886b1d92cd877f9be6403d59f63d8b7,EXTRACTED
e6d3b582_000555,e6d3b582,555,18.5,720,1280,#جمعه مباركه ♥️#مسجدالسلطان_حسن #مسجد #مساجد #مصر #القاهره #photography #cairo #egyp#explore #fy.mp4,e6d3b58266c8b9f4d93e01cff87de592966468d01ab30df92087acb0c52bf2f5,جمعه_مباركه_مسجدالسلطان_حسن_مسجد_مساجد_م_e6d3b582_000555_18.50s.jpg,03ee8613697528e1731a472c88b8aeb5986a3c776dc3cc87a85dd2a391d47342,EXTRACTED
e6d3b582_000570,e6d3b582,570,19.0,720,1280,#جمعه مباركه ♥️#مسجدالسلطان_حسن #مسجد #مساجد #مصر #القاهره #photography #cairo #egyp#explore #fy.mp4,e6d3b58266c8b9f4d93e01cff87de592966468d01ab30df92087acb0c52bf2f5,جمعه_مباركه_مسجدالسلطان_حسن_مسجد_مساجد_م_e6d3b582_000570_19.00s.jpg,010a4dd1aeb9254866bdc6986849ff0d4a81008555470a36ee200a59dff829d2,EXTRACTED
e6d3b582_000585,e6d3b582,585,19.5,720,1280,#جمعه مباركه ♥️#مسجدالسلطان_حسن #مسجد #مساجد #مصر #القاهره #photography #cairo #egyp#explore #fy.mp4,e6d3b58266c8b9f4d93e01cff87de592966468d01ab30df92087acb0c52bf2f5,جمعه_مباركه_مسجدالسلطان_حسن_مسجد_مساجد_م_e6d3b582_000585_19.50s.jpg,c7bc3eb094d8e01175866e0d3b3415da3cccb660641a1bc72e1e21725b958de1,EXTRACTED
e6d3b582_000600,e6d3b582,600,20.0,720,1280,#جمعه مباركه ♥️#مسجدالسلطان_حسن #مسجد #مساجد #مصر #القاهره #photography #cairo #egyp#explore #fy.mp4,e6d3b58266c8b9f4d93e01cff87de592966468d01ab30df92087acb0c52bf2f5,جمعه_مباركه_مسجدالسلطان_حسن_مسجد_مساجد_م_e6d3b582_000600_20.00s.jpg,41c3707a15fc8f44bb935ea5a9697f7e359fddf39e7e79568d07512c053e3dfe,EXTRACTED
e6d3b582_000615,e6d3b582,615,20.5,720,1280,#جمعه مباركه ♥️#مسجدالسلطان_حسن #مسجد #مساجد #مصر #القاهره #photography #cairo #egyp#explore #fy.mp4,e6d3b58266c8b9f4d93e01cff87de592966468d01ab30df92087acb0c52bf2f5,جمعه_مباركه_مسجدالسلطان_حسن_مسجد_مساجد_م_e6d3b582_000615_20.50s.jpg,cff35ecd77ef839b2e616ae319a22eeb8548afecfaf65261afcc59179e7b0608,EXTRACTED
e6d3b582_000630,e6d3b582,630,21.0,720,1280,#جمعه مباركه ♥️#مسجدالسلطان_حسن #مسجد #مساجد #مصر #القاهره #photography #cairo #egyp#explore #fy.mp4,e6d3b58266c8b9f4d93e01cff87de592966468d01ab30df92087acb0c52bf2f5,جمعه_مباركه_مسجدالسلطان_حسن_مسجد_مساجد_م_e6d3b582_000630_21.00s.jpg,34f75848491d535b9ed1c7637707ee35471d54e284807db83d1bdbd714a5c2a5,EXTRACTED
e6d3b582_000645,e6d3b582,645,21.5,720,1280,#جمعه مباركه ♥️#مسجدالسلطان_حسن #مسجد #مساجد #مصر #القاهره #photography #cairo #egyp#explore #fy.mp4,e6d3b58266c8b9f4d93e01cff87de592966468d01ab30df92087acb0c52bf2f5,جمعه_مباركه_مسجدالسلطان_حسن_مسجد_مساجد_م_e6d3b582_000645_21.50s.jpg,be5d41bed2c04f2313386aeedc6570754679bb6adb41e6884324494d42b330b8,EXTRACTED
3b681b02_000000,3b681b02,0,0.0,720,1280,__في قلب القاهره يقف مسجد السلطان حسن كواحد من اعظم واضخم مساجدها ^^بني في القرن الرابع عشر في ع.mp4,3b681b02cd354a7e067f372c51de72406a126f34468fc76ea2aef9b44ecc8184,في_قلب_القاهره_يقف_مسجد_السلطان_حسن_كواح_3b681b02_000000_0.00s.jpg,c6d6770c84e1bb5a2418929649bea00ee360062e1b4e370b17aadbf1fe80598f,EXTRACTED
3b681b02_000015,3b681b02,15,0.5,720,1280,__في قلب القاهره يقف مسجد السلطان حسن كواحد من اعظم واضخم مساجدها ^^بني في القرن الرابع عشر في ع.mp4,3b681b02cd354a7e067f372c51de72406a126f34468fc76ea2aef9b44ecc8184,في_قلب_القاهره_يقف_مسجد_السلطان_حسن_كواح_3b681b02_000015_0.50s.jpg,ffc5444e50575351829da3fd8a43737d6ff78333a48358e89cac34167ebe7c8c,EXTRACTED
3b681b02_000030,3b681b02,30,1.0,720,1280,__في قلب القاهره يقف مسجد السلطان حسن كواحد من اعظم واضخم مساجدها ^^بني في القرن الرابع عشر في ع.mp4,3b681b02cd354a7e067f372c51de72406a126f34468fc76ea2aef9b44ecc8184,في_قلب_القاهره_يقف_مسجد_السلطان_حسن_كواح_3b681b02_000030_1.00s.jpg,b7742ee9a66244987d5c7226cbfb5dfb7907447997966201d517af5923f214fc,EXTRACTED
3b681b02_000045,3b681b02,45,1.5,720,1280,__في قلب القاهره يقف مسجد السلطان حسن كواحد من اعظم واضخم مساجدها ^^بني في القرن الرابع عشر في ع.mp4,3b681b02cd354a7e067f372c51de72406a126f34468fc76ea2aef9b44ecc8184,في_قلب_القاهره_يقف_مسجد_السلطان_حسن_كواح_3b681b02_000045_1.50s.jpg,da35b84d4b2f355696f86deb9a656db824c333e0062584af2189724dab166d55,EXTRACTED
3b681b02_000060,3b681b02,60,2.0,720,1280,__في قلب القاهره يقف مسجد السلطان حسن كواحد من اعظم واضخم مساجدها ^^بني في القرن الرابع عشر في ع.mp4,3b681b02cd354a7e067f372c51de72406a126f34468fc76ea2aef9b44ecc8184,في_قلب_القاهره_يقف_مسجد_السلطان_حسن_كواح_3b681b02_000060_2.00s.jpg,e650addcbe2d3ada3ce62391688d127f87c55caa316801956482115a79fb0b15,EXTRACTED
3b681b02_000075,3b681b02,75,2.5,720,1280,__في قلب القاهره يقف مسجد السلطان حسن كواحد من اعظم واضخم مساجدها ^^بني في القرن الرابع عشر في ع.mp4,3b681b02cd354a7e067f372c51de72406a126f34468fc76ea2aef9b44ecc8184,في_قلب_القاهره_يقف_مسجد_السلطان_حسن_كواح_3b681b02_000075_2.50s.jpg,4483ebb5090053b1749896611b7759acc88f74a438388e768f708fe46d681909,EXTRACTED
3b681b02_000090,3b681b02,90,3.0,720,1280,__في قلب القاهره يقف مسجد السلطان حسن كواحد من اعظم واضخم مساجدها ^^بني في القرن الرابع عشر في ع.mp4,3b681b02cd354a7e067f372c51de72406a126f34468fc76ea2aef9b44ecc8184,في_قلب_القاهره_يقف_مسجد_السلطان_حسن_كواح_3b681b02_000090_3.00s.jpg,421ac46dd84514db759fafb030f90511781d9dcc387cd141f04f7b6dc6a10fdc,EXTRACTED
3b681b02_000105,3b681b02,105,3.5,720,1280,__في قلب القاهره يقف مسجد السلطان حسن كواحد من اعظم واضخم مساجدها ^^بني في القرن الرابع عشر في ع.mp4,3b681b02cd354a7e067f372c51de72406a126f34468fc76ea2aef9b44ecc8184,في_قلب_القاهره_يقف_مسجد_السلطان_حسن_كواح_3b681b02_000105_3.50s.jpg,a8b329c375bd9aab6cfd44104a02784a59a51a50be02cceb7860c9aa5209fb37,EXTRACTED
3b681b02_000120,3b681b02,120,4.0,720,1280,__في قلب القاهره يقف مسجد السلطان حسن كواحد من اعظم واضخم مساجدها ^^بني في القرن الرابع عشر في ع.mp4,3b681b02cd354a7e067f372c51de72406a126f34468fc76ea2aef9b44ecc8184,في_قلب_القاهره_يقف_مسجد_السلطان_حسن_كواح_3b681b02_000120_4.00s.jpg,d90a7c0da272df849f3c780ba154e6095587485280514498207025f442c07ad8,EXTRACTED
3b681b02_000135,3b681b02,135,4.5,720,1280,__في قلب القاهره يقف مسجد السلطان حسن كواحد من اعظم واضخم مساجدها ^^بني في القرن الرابع عشر في ع.mp4,3b681b02cd354a7e067f372c51de72406a126f34468fc76ea2aef9b44ecc8184,في_قلب_القاهره_يقف_مسجد_السلطان_حسن_كواح_3b681b02_000135_4.50s.jpg,0cd9ef1d527dbdc0e9d7c86bc578dabdc09586ae3024cd4f618fcb7d182b2a4e,EXTRACTED
3b681b02_000150,3b681b02,150,5.0,720,1280,__في قلب القاهره يقف مسجد السلطان حسن كواحد من اعظم واضخم مساجدها ^^بني في القرن الرابع عشر في ع.mp4,3b681b02cd354a7e067f372c51de72406a126f34468fc76ea2aef9b44ecc8184,في_قلب_القاهره_يقف_مسجد_السلطان_حسن_كواح_3b681b02_000150_5.00s.jpg,8a00d84d7445ff4ee84d1005edec0e65c05eb0f0a7c4912ee132b58f15900bac,EXTRACTED
3b681b02_000165,3b681b02,165,5.5,720,1280,__في قلب القاهره يقف مسجد السلطان حسن كواحد من اعظم واضخم مساجدها ^^بني في القرن الرابع عشر في ع.mp4,3b681b02cd354a7e067f372c51de72406a126f34468fc76ea2aef9b44ecc8184,في_قلب_القاهره_يقف_مسجد_السلطان_حسن_كواح_3b681b02_000165_5.50s.jpg,662ba3d5ec100bd7163e0c05c4835b53e8d61afdbd88fbdca1f72b5b672e9e1c,EXTRACTED
3b681b02_000180,3b681b02,180,6.0,720,1280,__في قلب القاهره يقف مسجد السلطان حسن كواحد من اعظم واضخم مساجدها ^^بني في القرن الرابع عشر في ع.mp4,3b681b02cd354a7e067f372c51de72406a126f34468fc76ea2aef9b44ecc8184,في_قلب_القاهره_يقف_مسجد_السلطان_حسن_كواح_3b681b02_000180_6.00s.jpg,a360187d1053bfd39bcb8f92cea1ba05b7343470ccfd3efa95a78972f6334a51,EXTRACTED
3b681b02_000195,3b681b02,195,6.5,720,1280,__في قلب القاهره يقف مسجد السلطان حسن كواحد من اعظم واضخم مساجدها ^^بني في القرن الرابع عشر في ع.mp4,3b681b02cd354a7e067f372c51de72406a126f34468fc76ea2aef9b44ecc8184,في_قلب_القاهره_يقف_مسجد_السلطان_حسن_كواح_3b681b02_000195_6.50s.jpg,1d034a1c8e536f6f4ce452531c3146f5ba2604bb624c1c2880558c0ba91534e8,EXTRACTED
3b681b02_000210,3b681b02,210,7.0,720,1280,__في قلب القاهره يقف مسجد السلطان حسن كواحد من اعظم واضخم مساجدها ^^بني في القرن الرابع عشر في ع.mp4,3b681b02cd354a7e067f372c51de72406a126f34468fc76ea2aef9b44ecc8184,في_قلب_القاهره_يقف_مسجد_السلطان_حسن_كواح_3b681b02_000210_7.00s.jpg,5b1096e253a3a5983470a3247d5078538a5d78512edaa0b455c93da51c30122c,EXTRACTED
3b681b02_000225,3b681b02,225,7.5,720,1280,__في قلب القاهره يقف مسجد السلطان حسن كواحد من اعظم واضخم مساجدها ^^بني في القرن الرابع عشر في ع.mp4,3b681b02cd354a7e067f372c51de72406a126f34468fc76ea2aef9b44ecc8184,في_قلب_القاهره_يقف_مسجد_السلطان_حسن_كواح_3b681b02_000225_7.50s.jpg,0e8932aeb6acdfcbc3518099094f54cfdeb2ffbfddf6d8a27695a6c57f4ff4e2,EXTRACTED
3b681b02_000240,3b681b02,240,8.0,720,1280,__في قلب القاهره يقف مسجد السلطان حسن كواحد من اعظم واضخم مساجدها ^^بني في القرن الرابع عشر في ع.mp4,3b681b02cd354a7e067f372c51de72406a126f34468fc76ea2aef9b44ecc8184,في_قلب_القاهره_يقف_مسجد_السلطان_حسن_كواح_3b681b02_000240_8.00s.jpg,80a5e222491ef93ad045fcaa6f36492396028666373ee7c6867111a8f42e6add,EXTRACTED
3b681b02_000255,3b681b02,255,8.5,720,1280,__في قلب القاهره يقف مسجد السلطان حسن كواحد من اعظم واضخم مساجدها ^^بني في القرن الرابع عشر في ع.mp4,3b681b02cd354a7e067f372c51de72406a126f34468fc76ea2aef9b44ecc8184,في_قلب_القاهره_يقف_مسجد_السلطان_حسن_كواح_3b681b02_000255_8.50s.jpg,2651962d1d51b777277edb255f16f5bfc36aeed04afbd62541617a64182f5867,EXTRACTED
3b681b02_000270,3b681b02,270,9.0,720,1280,__في قلب القاهره يقف مسجد السلطان حسن كواحد من اعظم واضخم مساجدها ^^بني في القرن الرابع عشر في ع.mp4,3b681b02cd354a7e067f372c51de72406a126f34468fc76ea2aef9b44ecc8184,في_قلب_القاهره_يقف_مسجد_السلطان_حسن_كواح_3b681b02_000270_9.00s.jpg,239d71eb877242f5fa3cd19df695093f1a752cb8bec16a3cebadd29afbe4a2f9,EXTRACTED
3b681b02_000285,3b681b02,285,9.5,720,1280,__في قلب القاهره يقف مسجد السلطان حسن كواحد من اعظم واضخم مساجدها ^^بني في القرن الرابع عشر في ع.mp4,3b681b02cd354a7e067f372c51de72406a126f34468fc76ea2aef9b44ecc8184,في_قلب_القاهره_يقف_مسجد_السلطان_حسن_كواح_3b681b02_000285_9.50s.jpg,39bf5d8627166b1365ee80c2678c819dc1008831033d06664345d0ee300a317f,EXTRACTED
3b681b02_000300,3b681b02,300,10.0,720,1280,__في قلب القاهره يقف مسجد السلطان حسن كواحد من اعظم واضخم مساجدها ^^بني في القرن الرابع عشر في ع.mp4,3b681b02cd354a7e067f372c51de72406a126f34468fc76ea2aef9b44ecc8184,في_قلب_القاهره_يقف_مسجد_السلطان_حسن_كواح_3b681b02_000300_10.00s.jpg,d988244d14105e98e93a4c427afe17bfb7fe4410f03ed60fae1bfed1d424debc,EXTRACTED
3b681b02_000315,3b681b02,315,10.5,720,1280,__في قلب القاهره يقف مسجد السلطان حسن كواحد من اعظم واضخم مساجدها ^^بني في القرن الرابع عشر في ع.mp4,3b681b02cd354a7e067f372c51de72406a126f34468fc76ea2aef9b44ecc8184,في_قلب_القاهره_يقف_مسجد_السلطان_حسن_كواح_3b681b02_000315_10.50s.jpg,abebc10b81bbd34cef88d6a16f09c4c1db751f4bf29cf53b7e0e4f40e2ff2014,EXTRACTED
3b681b02_000330,3b681b02,330,11.0,720,1280,__في قلب القاهره يقف مسجد السلطان حسن كواحد من اعظم واضخم مساجدها ^^بني في القرن الرابع عشر في ع.mp4,3b681b02cd354a7e067f372c51de72406a126f34468fc76ea2aef9b44ecc8184,في_قلب_القاهره_يقف_مسجد_السلطان_حسن_كواح_3b681b02_000330_11.00s.jpg,65b3e31b081208094b813af72572870bc277a79f30a3f6ef6c8d04dbdb89c89e,EXTRACTED
3b681b02_000345,3b681b02,345,11.5,720,1280,__في قلب القاهره يقف مسجد السلطان حسن كواحد من اعظم واضخم مساجدها ^^بني في القرن الرابع عشر في ع.mp4,3b681b02cd354a7e067f372c51de72406a126f34468fc76ea2aef9b44ecc8184,في_قلب_القاهره_يقف_مسجد_السلطان_حسن_كواح_3b681b02_000345_11.50s.jpg,a53f2b48fc30d03f4d0c5894fb5fc38395c6dce49a492d23005f29262a6caafe,EXTRACTED
3b681b02_000360,3b681b02,360,12.0,720,1280,__في قلب القاهره يقف مسجد السلطان حسن كواحد من اعظم واضخم مساجدها ^^بني في القرن الرابع عشر في ع.mp4,3b681b02cd354a7e067f372c51de72406a126f34468fc76ea2aef9b44ecc8184,في_قلب_القاهره_يقف_مسجد_السلطان_حسن_كواح_3b681b02_000360_12.00s.jpg,6f723724ec4dfc9fb7ccd2064bb1a26648f845059ad5d5b863c485df10e80049,EXTRACTED
3b681b02_000375,3b681b02,375,12.5,720,1280,__في قلب القاهره يقف مسجد السلطان حسن كواحد من اعظم واضخم مساجدها ^^بني في القرن الرابع عشر في ع.mp4,3b681b02cd354a7e067f372c51de72406a126f34468fc76ea2aef9b44ecc8184,في_قلب_القاهره_يقف_مسجد_السلطان_حسن_كواح_3b681b02_000375_12.50s.jpg,c3cd34e27daadfaf62cb8ca9d7ff413cb334f21ecff144a570bd83f0d9d51b90,EXTRACTED
3b681b02_000390,3b681b02,390,13.0,720,1280,__في قلب القاهره يقف مسجد السلطان حسن كواحد من اعظم واضخم مساجدها ^^بني في القرن الرابع عشر في ع.mp4,3b681b02cd354a7e067f372c51de72406a126f34468fc76ea2aef9b44ecc8184,في_قلب_القاهره_يقف_مسجد_السلطان_حسن_كواح_3b681b02_000390_13.00s.jpg,3c49c4a5140b6e4cb2be83ce017d268b1d7146bf6240eee2baec7bffbcaf5542,EXTRACTED
3b681b02_000405,3b681b02,405,13.5,720,1280,__في قلب القاهره يقف مسجد السلطان حسن كواحد من اعظم واضخم مساجدها ^^بني في القرن الرابع عشر في ع.mp4,3b681b02cd354a7e067f372c51de72406a126f34468fc76ea2aef9b44ecc8184,في_قلب_القاهره_يقف_مسجد_السلطان_حسن_كواح_3b681b02_000405_13.50s.jpg,399485c53dc2881b3254292e3663a2c9a9526f316c0743060b9740d1a4042815,EXTRACTED
3b681b02_000420,3b681b02,420,14.0,720,1280,__في قلب القاهره يقف مسجد السلطان حسن كواحد من اعظم واضخم مساجدها ^^بني في القرن الرابع عشر في ع.mp4,3b681b02cd354a7e067f372c51de72406a126f34468fc76ea2aef9b44ecc8184,في_قلب_القاهره_يقف_مسجد_السلطان_حسن_كواح_3b681b02_000420_14.00s.jpg,f3849bf85a51524b3fec2ac1f46d5cdb5fda22bcb59d1984638bd60ea2a306f2,EXTRACTED
3b681b02_000435,3b681b02,435,14.5,720,1280,__في قلب القاهره يقف مسجد السلطان حسن كواحد من اعظم واضخم مساجدها ^^بني في القرن الرابع عشر في ع.mp4,3b681b02cd354a7e067f372c51de72406a126f34468fc76ea2aef9b44ecc8184,في_قلب_القاهره_يقف_مسجد_السلطان_حسن_كواح_3b681b02_000435_14.50s.jpg,99c3deb7972a8e45020110efa70d1540e7b6f231e3598938bf5eefaba1352cb1,EXTRACTED
3b681b02_000450,3b681b02,450,15.0,720,1280,__في قلب القاهره يقف مسجد السلطان حسن كواحد من اعظم واضخم مساجدها ^^بني في القرن الرابع عشر في ع.mp4,3b681b02cd354a7e067f372c51de72406a126f34468fc76ea2aef9b44ecc8184,في_قلب_القاهره_يقف_مسجد_السلطان_حسن_كواح_3b681b02_000450_15.00s.jpg,f19437c52bb872c4a3ef175d1930ac165543982d13eca748d6f72157f1df3028,EXTRACTED
799af4b8_000000,799af4b8,0,0.0,720,1280,_لولا ان يقال ان ملك مصر عجز عن بناء بناه لتركت بناء هذا الجامع و دي كانت مقوله السلطان حسن من.mp4,799af4b8b30e46c49abbcee193c5ebe8b2b3e010c7509b3223e6dd64102a3a5c,لولا_ان_يقال_ان_ملك_مصر_عجز_عن_بناء_بناه_799af4b8_000000_0.00s.jpg,85283baebf23a5f7bc7ebb4e3c0b9d23f6340e37b249b0e30ba92d70bd51001a,EXTRACTED
799af4b8_000015,799af4b8,15,0.5,720,1280,_لولا ان يقال ان ملك مصر عجز عن بناء بناه لتركت بناء هذا الجامع و دي كانت مقوله السلطان حسن من.mp4,799af4b8b30e46c49abbcee193c5ebe8b2b3e010c7509b3223e6dd64102a3a5c,لولا_ان_يقال_ان_ملك_مصر_عجز_عن_بناء_بناه_799af4b8_000015_0.50s.jpg,0a4fae7ee57294a017a8975b5a73ff5da1e56fb9f0c301713d2cb47fdfe6eb18,EXTRACTED
799af4b8_000030,799af4b8,30,1.0,720,1280,_لولا ان يقال ان ملك مصر عجز عن بناء بناه لتركت بناء هذا الجامع و دي كانت مقوله السلطان حسن من.mp4,799af4b8b30e46c49abbcee193c5ebe8b2b3e010c7509b3223e6dd64102a3a5c,لولا_ان_يقال_ان_ملك_مصر_عجز_عن_بناء_بناه_799af4b8_000030_1.00s.jpg,99c58ee7e187135617f431bf5a9a234f487600d65c94834f8b6e1366a807b91a,EXTRACTED
799af4b8_000045,799af4b8,45,1.5,720,1280,_لولا ان يقال ان ملك مصر عجز عن بناء بناه لتركت بناء هذا الجامع و دي كانت مقوله السلطان حسن من.mp4,799af4b8b30e46c49abbcee193c5ebe8b2b3e010c7509b3223e6dd64102a3a5c,لولا_ان_يقال_ان_ملك_مصر_عجز_عن_بناء_بناه_799af4b8_000045_1.50s.jpg,0daf774175a024aab5749d13854ca622db9af9ceb9ad37038037e19f5f0a5ce2,EXTRACTED
799af4b8_000060,799af4b8,60,2.0,720,1280,_لولا ان يقال ان ملك مصر عجز عن بناء بناه لتركت بناء هذا الجامع و دي كانت مقوله السلطان حسن من.mp4,799af4b8b30e46c49abbcee193c5ebe8b2b3e010c7509b3223e6dd64102a3a5c,لولا_ان_يقال_ان_ملك_مصر_عجز_عن_بناء_بناه_799af4b8_000060_2.00s.jpg,34a62c525817ce2cf73427f97fcdc5c8b11b7a1fb80c94dbc19db7e757182070,EXTRACTED
799af4b8_000075,799af4b8,75,2.5,720,1280,_لولا ان يقال ان ملك مصر عجز عن بناء بناه لتركت بناء هذا الجامع و دي كانت مقوله السلطان حسن من.mp4,799af4b8b30e46c49abbcee193c5ebe8b2b3e010c7509b3223e6dd64102a3a5c,لولا_ان_يقال_ان_ملك_مصر_عجز_عن_بناء_بناه_799af4b8_000075_2.50s.jpg,2c0dc1c30bb2d8dbf703ea8ae43e091c6a6de12562bd26ae1d9430593ab3c6aa,EXTRACTED
799af4b8_000090,799af4b8,90,3.0,720,1280,_لولا ان يقال ان ملك مصر عجز عن بناء بناه لتركت بناء هذا الجامع و دي كانت مقوله السلطان حسن من.mp4,799af4b8b30e46c49abbcee193c5ebe8b2b3e010c7509b3223e6dd64102a3a5c,لولا_ان_يقال_ان_ملك_مصر_عجز_عن_بناء_بناه_799af4b8_000090_3.00s.jpg,f75f6719bc90631a1163702ab57bde2a37a37b4a1b1b55bcfad1d5bf6820452a,EXTRACTED
799af4b8_000105,799af4b8,105,3.5,720,1280,_لولا ان يقال ان ملك مصر عجز عن بناء بناه لتركت بناء هذا الجامع و دي كانت مقوله السلطان حسن من.mp4,799af4b8b30e46c49abbcee193c5ebe8b2b3e010c7509b3223e6dd64102a3a5c,لولا_ان_يقال_ان_ملك_مصر_عجز_عن_بناء_بناه_799af4b8_000105_3.50s.jpg,713bcb592b97862cb4f6dacfa897c46bb4c2b66061d32a288ee0feb4c1954399,EXTRACTED
799af4b8_000120,799af4b8,120,4.0,720,1280,_لولا ان يقال ان ملك مصر عجز عن بناء بناه لتركت بناء هذا الجامع و دي كانت مقوله السلطان حسن من.mp4,799af4b8b30e46c49abbcee193c5ebe8b2b3e010c7509b3223e6dd64102a3a5c,لولا_ان_يقال_ان_ملك_مصر_عجز_عن_بناء_بناه_799af4b8_000120_4.00s.jpg,9c9b85e4efe5a6cfb4fed8272cbe3735e2cc5b28ab40362aa05d5d979114f2e9,EXTRACTED
799af4b8_000135,799af4b8,135,4.5,720,1280,_لولا ان يقال ان ملك مصر عجز عن بناء بناه لتركت بناء هذا الجامع و دي كانت مقوله السلطان حسن من.mp4,799af4b8b30e46c49abbcee193c5ebe8b2b3e010c7509b3223e6dd64102a3a5c,لولا_ان_يقال_ان_ملك_مصر_عجز_عن_بناء_بناه_799af4b8_000135_4.50s.jpg,72b880683f0c41b6c337dc315575250ea011ab6ff0862280b529b6fb740531a9,EXTRACTED
799af4b8_000150,799af4b8,150,5.0,720,1280,_لولا ان يقال ان ملك مصر عجز عن بناء بناه لتركت بناء هذا الجامع و دي كانت مقوله السلطان حسن من.mp4,799af4b8b30e46c49abbcee193c5ebe8b2b3e010c7509b3223e6dd64102a3a5c,لولا_ان_يقال_ان_ملك_مصر_عجز_عن_بناء_بناه_799af4b8_000150_5.00s.jpg,1fb0d3acd15e7685696799f5b79613a9214c44f94b80c780860d4d15d529ff89,EXTRACTED
799af4b8_000165,799af4b8,165,5.5,720,1280,_لولا ان يقال ان ملك مصر عجز عن بناء بناه لتركت بناء هذا الجامع و دي كانت مقوله السلطان حسن من.mp4,799af4b8b30e46c49abbcee193c5ebe8b2b3e010c7509b3223e6dd64102a3a5c,لولا_ان_يقال_ان_ملك_مصر_عجز_عن_بناء_بناه_799af4b8_000165_5.50s.jpg,6dbec48b663f37dfedcd44ef5ea4920886626d5199bc335e51c9a4a5f14a16a0,EXTRACTED
799af4b8_000180,799af4b8,180,6.0,720,1280,_لولا ان يقال ان ملك مصر عجز عن بناء بناه لتركت بناء هذا الجامع و دي كانت مقوله السلطان حسن من.mp4,799af4b8b30e46c49abbcee193c5ebe8b2b3e010c7509b3223e6dd64102a3a5c,لولا_ان_يقال_ان_ملك_مصر_عجز_عن_بناء_بناه_799af4b8_000180_6.00s.jpg,f2d873fefe4556a28fee498f05ce1bf716812ee99385a2c90a311f66fe7c60ed,EXTRACTED
799af4b8_000195,799af4b8,195,6.5,720,1280,_لولا ان يقال ان ملك مصر عجز عن بناء بناه لتركت بناء هذا الجامع و دي كانت مقوله السلطان حسن من.mp4,799af4b8b30e46c49abbcee193c5ebe8b2b3e010c7509b3223e6dd64102a3a5c,لولا_ان_يقال_ان_ملك_مصر_عجز_عن_بناء_بناه_799af4b8_000195_6.50s.jpg,7bb297fd331cb9e6b0525a0219b4776b66225aa6c1f65af4d78bc7b6cbc94611,EXTRACTED
799af4b8_000210,799af4b8,210,7.0,720,1280,_لولا ان يقال ان ملك مصر عجز عن بناء بناه لتركت بناء هذا الجامع و دي كانت مقوله السلطان حسن من.mp4,799af4b8b30e46c49abbcee193c5ebe8b2b3e010c7509b3223e6dd64102a3a5c,لولا_ان_يقال_ان_ملك_مصر_عجز_عن_بناء_بناه_799af4b8_000210_7.00s.jpg,f95bf316e09b7fb721b55c0dd08a1bb10ca861a366f69d3674135051ae00fb4f,EXTRACTED
799af4b8_000225,799af4b8,225,7.5,720,1280,_لولا ان يقال ان ملك مصر عجز عن بناء بناه لتركت بناء هذا الجامع و دي كانت مقوله السلطان حسن من.mp4,799af4b8b30e46c49abbcee193c5ebe8b2b3e010c7509b3223e6dd64102a3a5c,لولا_ان_يقال_ان_ملك_مصر_عجز_عن_بناء_بناه_799af4b8_000225_7.50s.jpg,ef2b7cc7741cc3da5963d04b452e3b0c65a52fa2bff8477908d6c37cf484cd81,EXTRACTED
799af4b8_000240,799af4b8,240,8.0,720,1280,_لولا ان يقال ان ملك مصر عجز عن بناء بناه لتركت بناء هذا الجامع و دي كانت مقوله السلطان حسن من.mp4,799af4b8b30e46c49abbcee193c5ebe8b2b3e010c7509b3223e6dd64102a3a5c,لولا_ان_يقال_ان_ملك_مصر_عجز_عن_بناء_بناه_799af4b8_000240_8.00s.jpg,1c8e78c4d2e0fe5d302d795cca952de0c41bd88676f4d2b2f1d7eeed3ec79532,EXTRACTED
799af4b8_000255,799af4b8,255,8.5,720,1280,_لولا ان يقال ان ملك مصر عجز عن بناء بناه لتركت بناء هذا الجامع و دي كانت مقوله السلطان حسن من.mp4,799af4b8b30e46c49abbcee193c5ebe8b2b3e010c7509b3223e6dd64102a3a5c,لولا_ان_يقال_ان_ملك_مصر_عجز_عن_بناء_بناه_799af4b8_000255_8.50s.jpg,896fac4dd1f51e5b92e24812b53ef7d40fc197f12b5e7988785277dbd78db954,EXTRACTED
799af4b8_000270,799af4b8,270,9.0,720,1280,_لولا ان يقال ان ملك مصر عجز عن بناء بناه لتركت بناء هذا الجامع و دي كانت مقوله السلطان حسن من.mp4,799af4b8b30e46c49abbcee193c5ebe8b2b3e010c7509b3223e6dd64102a3a5c,لولا_ان_يقال_ان_ملك_مصر_عجز_عن_بناء_بناه_799af4b8_000270_9.00s.jpg,0c0ae58f90855700c8a73ca074756aac25e6cc4385acf633ec8d08615b0dad7b,EXTRACTED
799af4b8_000285,799af4b8,285,9.5,720,1280,_لولا ان يقال ان ملك مصر عجز عن بناء بناه لتركت بناء هذا الجامع و دي كانت مقوله السلطان حسن من.mp4,799af4b8b30e46c49abbcee193c5ebe8b2b3e010c7509b3223e6dd64102a3a5c,لولا_ان_يقال_ان_ملك_مصر_عجز_عن_بناء_بناه_799af4b8_000285_9.50s.jpg,4d414c1bd649f86a9e63b98a8b363fcdb0114d3572f850430ef2b02f7e006390,EXTRACTED
799af4b8_000300,799af4b8,300,10.0,720,1280,_لولا ان يقال ان ملك مصر عجز عن بناء بناه لتركت بناء هذا الجامع و دي كانت مقوله السلطان حسن من.mp4,799af4b8b30e46c49abbcee193c5ebe8b2b3e010c7509b3223e6dd64102a3a5c,لولا_ان_يقال_ان_ملك_مصر_عجز_عن_بناء_بناه_799af4b8_000300_10.00s.jpg,e25b34a015a817268fccc8c63e95a7e308c88eec921c3cda6d8155a86ae6961b,EXTRACTED
799af4b8_000315,799af4b8,315,10.5,720,1280,_لولا ان يقال ان ملك مصر عجز عن بناء بناه لتركت بناء هذا الجامع و دي كانت مقوله السلطان حسن من.mp4,799af4b8b30e46c49abbcee193c5ebe8b2b3e010c7509b3223e6dd64102a3a5c,لولا_ان_يقال_ان_ملك_مصر_عجز_عن_بناء_بناه_799af4b8_000315_10.50s.jpg,8a3fb804cbfed58e4ced6a4a6c0ed4887f257984a8ffb2376317cdc51e950137,EXTRACTED
799af4b8_000330,799af4b8,330,11.0,720,1280,_لولا ان يقال ان ملك مصر عجز عن بناء بناه لتركت بناء هذا الجامع و دي كانت مقوله السلطان حسن من.mp4,799af4b8b30e46c49abbcee193c5ebe8b2b3e010c7509b3223e6dd64102a3a5c,لولا_ان_يقال_ان_ملك_مصر_عجز_عن_بناء_بناه_799af4b8_000330_11.00s.jpg,8d92d84387e3999e91c2720f98951c0363f4507a9308c4806a2ad43c26b242bc,EXTRACTED
799af4b8_000345,799af4b8,345,11.5,720,1280,_لولا ان يقال ان ملك مصر عجز عن بناء بناه لتركت بناء هذا الجامع و دي كانت مقوله السلطان حسن من.mp4,799af4b8b30e46c49abbcee193c5ebe8b2b3e010c7509b3223e6dd64102a3a5c,لولا_ان_يقال_ان_ملك_مصر_عجز_عن_بناء_بناه_799af4b8_000345_11.50s.jpg,50a4876444c18f14e2aca41f8888e6bcdb5804211f295c46f9abcdba32cf03d7,EXTRACTED
799af4b8_000360,799af4b8,360,12.0,720,1280,_لولا ان يقال ان ملك مصر عجز عن بناء بناه لتركت بناء هذا الجامع و دي كانت مقوله السلطان حسن من.mp4,799af4b8b30e46c49abbcee193c5ebe8b2b3e010c7509b3223e6dd64102a3a5c,لولا_ان_يقال_ان_ملك_مصر_عجز_عن_بناء_بناه_799af4b8_000360_12.00s.jpg,174616bc78fb43cd5e738709c560a24b4df0ae210fcb3525191cc40a7e426d4c,EXTRACTED
799af4b8_000375,799af4b8,375,12.5,720,1280,_لولا ان يقال ان ملك مصر عجز عن بناء بناه لتركت بناء هذا الجامع و دي كانت مقوله السلطان حسن من.mp4,799af4b8b30e46c49abbcee193c5ebe8b2b3e010c7509b3223e6dd64102a3a5c,لولا_ان_يقال_ان_ملك_مصر_عجز_عن_بناء_بناه_799af4b8_000375_12.50s.jpg,c8373c233e9b53e253ee57e0435b2f3a5d8b7602608815d993a434a51a11f9db,EXTRACTED
799af4b8_000390,799af4b8,390,13.0,720,1280,_لولا ان يقال ان ملك مصر عجز عن بناء بناه لتركت بناء هذا الجامع و دي كانت مقوله السلطان حسن من.mp4,799af4b8b30e46c49abbcee193c5ebe8b2b3e010c7509b3223e6dd64102a3a5c,لولا_ان_يقال_ان_ملك_مصر_عجز_عن_بناء_بناه_799af4b8_000390_13.00s.jpg,0ad5659c8a21c7c9743ac4d1f9a30de024adcf4b89716c9b140a4d9904fb06f5,EXTRACTED
799af4b8_000405,799af4b8,405,13.5,720,1280,_لولا ان يقال ان ملك مصر عجز عن بناء بناه لتركت بناء هذا الجامع و دي كانت مقوله السلطان حسن من.mp4,799af4b8b30e46c49abbcee193c5ebe8b2b3e010c7509b3223e6dd64102a3a5c,لولا_ان_يقال_ان_ملك_مصر_عجز_عن_بناء_بناه_799af4b8_000405_13.50s.jpg,7eb551b4624a6047d6cd729e009e891538397c8aa53d4f2c09a065c1f606cc98,EXTRACTED
799af4b8_000420,799af4b8,420,14.0,720,1280,_لولا ان يقال ان ملك مصر عجز عن بناء بناه لتركت بناء هذا الجامع و دي كانت مقوله السلطان حسن من.mp4,799af4b8b30e46c49abbcee193c5ebe8b2b3e010c7509b3223e6dd64102a3a5c,لولا_ان_يقال_ان_ملك_مصر_عجز_عن_بناء_بناه_799af4b8_000420_14.00s.jpg,ced2f91efc2c52abfe2ff9b8fb115959bd0e2a35b6fa9b2088c42b632be1fe81,EXTRACTED
799af4b8_000435,799af4b8,435,14.5,720,1280,_لولا ان يقال ان ملك مصر عجز عن بناء بناه لتركت بناء هذا الجامع و دي كانت مقوله السلطان حسن من.mp4,799af4b8b30e46c49abbcee193c5ebe8b2b3e010c7509b3223e6dd64102a3a5c,لولا_ان_يقال_ان_ملك_مصر_عجز_عن_بناء_بناه_799af4b8_000435_14.50s.jpg,e6ffc069a02df7baf8dfb665e8e9a5d210ebf50742010cfeb3335d4418130ec7,EXTRACTED
799af4b8_000450,799af4b8,450,15.0,720,1280,_لولا ان يقال ان ملك مصر عجز عن بناء بناه لتركت بناء هذا الجامع و دي كانت مقوله السلطان حسن من.mp4,799af4b8b30e46c49abbcee193c5ebe8b2b3e010c7509b3223e6dd64102a3a5c,لولا_ان_يقال_ان_ملك_مصر_عجز_عن_بناء_بناه_799af4b8_000450_15.00s.jpg,7de7c24fefea46d7cc6816dae6f191ef5382dd1159ee7c67d2356f26a9838cdb,EXTRACTED
799af4b8_000465,799af4b8,465,15.5,720,1280,_لولا ان يقال ان ملك مصر عجز عن بناء بناه لتركت بناء هذا الجامع و دي كانت مقوله السلطان حسن من.mp4,799af4b8b30e46c49abbcee193c5ebe8b2b3e010c7509b3223e6dd64102a3a5c,لولا_ان_يقال_ان_ملك_مصر_عجز_عن_بناء_بناه_799af4b8_000465_15.50s.jpg,f0f257e2857fdbd4cbfbfbc12e35a75930271283127a64159109863aa08abcc0,EXTRACTED
799af4b8_000480,799af4b8,480,16.0,720,1280,_لولا ان يقال ان ملك مصر عجز عن بناء بناه لتركت بناء هذا الجامع و دي كانت مقوله السلطان حسن من.mp4,799af4b8b30e46c49abbcee193c5ebe8b2b3e010c7509b3223e6dd64102a3a5c,لولا_ان_يقال_ان_ملك_مصر_عجز_عن_بناء_بناه_799af4b8_000480_16.00s.jpg,f16fe3a5edf953a5d48db4777c2f197dbd2ae36a0f5907dbd650ae39f2ba36bd,EXTRACTED
799af4b8_000495,799af4b8,495,16.5,720,1280,_لولا ان يقال ان ملك مصر عجز عن بناء بناه لتركت بناء هذا الجامع و دي كانت مقوله السلطان حسن من.mp4,799af4b8b30e46c49abbcee193c5ebe8b2b3e010c7509b3223e6dd64102a3a5c,لولا_ان_يقال_ان_ملك_مصر_عجز_عن_بناء_بناه_799af4b8_000495_16.50s.jpg,84c46a2981ab4d70d13f3cad1024ba00013a19868910280650565b4cb0626ab9,EXTRACTED
799af4b8_000510,799af4b8,510,17.0,720,1280,_لولا ان يقال ان ملك مصر عجز عن بناء بناه لتركت بناء هذا الجامع و دي كانت مقوله السلطان حسن من.mp4,799af4b8b30e46c49abbcee193c5ebe8b2b3e010c7509b3223e6dd64102a3a5c,لولا_ان_يقال_ان_ملك_مصر_عجز_عن_بناء_بناه_799af4b8_000510_17.00s.jpg,c6a1b8c802a44e23b265b5f698684bf86da7a93b30393a02018617ba487e835f,EXTRACTED
799af4b8_000525,799af4b8,525,17.5,720,1280,_لولا ان يقال ان ملك مصر عجز عن بناء بناه لتركت بناء هذا الجامع و دي كانت مقوله السلطان حسن من.mp4,799af4b8b30e46c49abbcee193c5ebe8b2b3e010c7509b3223e6dd64102a3a5c,لولا_ان_يقال_ان_ملك_مصر_عجز_عن_بناء_بناه_799af4b8_000525_17.50s.jpg,d2e902dd59851b6f91df05cedcc91020053ffaa3517eccde187bbfbaf2f0fcc7,EXTRACTED
799af4b8_000540,799af4b8,540,18.0,720,1280,_لولا ان يقال ان ملك مصر عجز عن بناء بناه لتركت بناء هذا الجامع و دي كانت مقوله السلطان حسن من.mp4,799af4b8b30e46c49abbcee193c5ebe8b2b3e010c7509b3223e6dd64102a3a5c,لولا_ان_يقال_ان_ملك_مصر_عجز_عن_بناء_بناه_799af4b8_000540_18.00s.jpg,f79a9f4f77ad80e49967bc5501a96b02d8a6486f08a4451cf39a6d1fb8acfdae,EXTRACTED
799af4b8_000555,799af4b8,555,18.5,720,1280,_لولا ان يقال ان ملك مصر عجز عن بناء بناه لتركت بناء هذا الجامع و دي كانت مقوله السلطان حسن من.mp4,799af4b8b30e46c49abbcee193c5ebe8b2b3e010c7509b3223e6dd64102a3a5c,لولا_ان_يقال_ان_ملك_مصر_عجز_عن_بناء_بناه_799af4b8_000555_18.50s.jpg,3ae412f52ca6235df8033e41979e9a409bdf460a47b312fd5dbe98c706db7af9,EXTRACTED
799af4b8_000570,799af4b8,570,19.0,720,1280,_لولا ان يقال ان ملك مصر عجز عن بناء بناه لتركت بناء هذا الجامع و دي كانت مقوله السلطان حسن من.mp4,799af4b8b30e46c49abbcee193c5ebe8b2b3e010c7509b3223e6dd64102a3a5c,لولا_ان_يقال_ان_ملك_مصر_عجز_عن_بناء_بناه_799af4b8_000570_19.00s.jpg,fe1737b3831839cfc37a82d88a023e80c217664eb5e90d3e0d5b1263fd62202c,EXTRACTED
799af4b8_000585,799af4b8,585,19.5,720,1280,_لولا ان يقال ان ملك مصر عجز عن بناء بناه لتركت بناء هذا الجامع و دي كانت مقوله السلطان حسن من.mp4,799af4b8b30e46c49abbcee193c5ebe8b2b3e010c7509b3223e6dd64102a3a5c,لولا_ان_يقال_ان_ملك_مصر_عجز_عن_بناء_بناه_799af4b8_000585_19.50s.jpg,31a7d1ce7480ce41c12f315824d85ba002adcab26016b5e405ac556163de1db4,EXTRACTED
799af4b8_000600,799af4b8,600,20.0,720,1280,_لولا ان يقال ان ملك مصر عجز عن بناء بناه لتركت بناء هذا الجامع و دي كانت مقوله السلطان حسن من.mp4,799af4b8b30e46c49abbcee193c5ebe8b2b3e010c7509b3223e6dd64102a3a5c,لولا_ان_يقال_ان_ملك_مصر_عجز_عن_بناء_بناه_799af4b8_000600_20.00s.jpg,72490948e306a069480299f8bba5a66e9f61ffb0ee97e3dd04c220ef79bc8286,EXTRACTED
799af4b8_000615,799af4b8,615,20.5,720,1280,_لولا ان يقال ان ملك مصر عجز عن بناء بناه لتركت بناء هذا الجامع و دي كانت مقوله السلطان حسن من.mp4,799af4b8b30e46c49abbcee193c5ebe8b2b3e010c7509b3223e6dd64102a3a5c,لولا_ان_يقال_ان_ملك_مصر_عجز_عن_بناء_بناه_799af4b8_000615_20.50s.jpg,080211d5647759403dd8d736e790fe966dbd69c5be70da4c1b1b2c6783648008,EXTRACTED
799af4b8_000630,799af4b8,630,21.0,720,1280,_لولا ان يقال ان ملك مصر عجز عن بناء بناه لتركت بناء هذا الجامع و دي كانت مقوله السلطان حسن من.mp4,799af4b8b30e46c49abbcee193c5ebe8b2b3e010c7509b3223e6dd64102a3a5c,لولا_ان_يقال_ان_ملك_مصر_عجز_عن_بناء_بناه_799af4b8_000630_21.00s.jpg,562a5e29ba36cf58e653dfeb91199e24002f9b4c9c9bf94d231d17b641a6e561,EXTRACTED
799af4b8_000645,799af4b8,645,21.5,720,1280,_لولا ان يقال ان ملك مصر عجز عن بناء بناه لتركت بناء هذا الجامع و دي كانت مقوله السلطان حسن من.mp4,799af4b8b30e46c49abbcee193c5ebe8b2b3e010c7509b3223e6dd64102a3a5c,لولا_ان_يقال_ان_ملك_مصر_عجز_عن_بناء_بناه_799af4b8_000645_21.50s.jpg,377e10cfe0b8519a5ecc9180817f1be061d35a83f2276f34964a8c129ad9b6f0,EXTRACTED
799af4b8_000660,799af4b8,660,22.0,720,1280,_لولا ان يقال ان ملك مصر عجز عن بناء بناه لتركت بناء هذا الجامع و دي كانت مقوله السلطان حسن من.mp4,799af4b8b30e46c49abbcee193c5ebe8b2b3e010c7509b3223e6dd64102a3a5c,لولا_ان_يقال_ان_ملك_مصر_عجز_عن_بناء_بناه_799af4b8_000660_22.00s.jpg,ea0b8149237dfa4ce8b095cc663f0fa85ac34574e93c9f6358f854b1b70cde3c,EXTRACTED
799af4b8_000675,799af4b8,675,22.5,720,1280,_لولا ان يقال ان ملك مصر عجز عن بناء بناه لتركت بناء هذا الجامع و دي كانت مقوله السلطان حسن من.mp4,799af4b8b30e46c49abbcee193c5ebe8b2b3e010c7509b3223e6dd64102a3a5c,لولا_ان_يقال_ان_ملك_مصر_عجز_عن_بناء_بناه_799af4b8_000675_22.50s.jpg,c2279f2b3ec3071bf174514bf5a7dc7a826fef3b6ecde66fb84e7fe6b2848f34,EXTRACTED
799af4b8_000690,799af4b8,690,23.0,720,1280,_لولا ان يقال ان ملك مصر عجز عن بناء بناه لتركت بناء هذا الجامع و دي كانت مقوله السلطان حسن من.mp4,799af4b8b30e46c49abbcee193c5ebe8b2b3e010c7509b3223e6dd64102a3a5c,لولا_ان_يقال_ان_ملك_مصر_عجز_عن_بناء_بناه_799af4b8_000690_23.00s.jpg,09799859941a4340ddada3aaec3b4a9f4c34a2b16ca19cf3ee859f5dcf8039a8,EXTRACTED
799af4b8_000705,799af4b8,705,23.5,720,1280,_لولا ان يقال ان ملك مصر عجز عن بناء بناه لتركت بناء هذا الجامع و دي كانت مقوله السلطان حسن من.mp4,799af4b8b30e46c49abbcee193c5ebe8b2b3e010c7509b3223e6dd64102a3a5c,لولا_ان_يقال_ان_ملك_مصر_عجز_عن_بناء_بناه_799af4b8_000705_23.50s.jpg,e4eb7297f2e23f1034edf65a6c3e10003c04f910cef6db049aafe778e76457c4,EXTRACTED
799af4b8_000720,799af4b8,720,24.0,720,1280,_لولا ان يقال ان ملك مصر عجز عن بناء بناه لتركت بناء هذا الجامع و دي كانت مقوله السلطان حسن من.mp4,799af4b8b30e46c49abbcee193c5ebe8b2b3e010c7509b3223e6dd64102a3a5c,لولا_ان_يقال_ان_ملك_مصر_عجز_عن_بناء_بناه_799af4b8_000720_24.00s.jpg,91911952216d0b454d3a40e83193cae6e5428563851f34cce19822712d910c89,EXTRACTED
799af4b8_000735,799af4b8,735,24.5,720,1280,_لولا ان يقال ان ملك مصر عجز عن بناء بناه لتركت بناء هذا الجامع و دي كانت مقوله السلطان حسن من.mp4,799af4b8b30e46c49abbcee193c5ebe8b2b3e010c7509b3223e6dd64102a3a5c,لولا_ان_يقال_ان_ملك_مصر_عجز_عن_بناء_بناه_799af4b8_000735_24.50s.jpg,ad455baf9f71e1ab5a8130f37b109690599e1b68bd5beb12cd871c4af8eb31e5,EXTRACTED
799af4b8_000750,799af4b8,750,25.0,720,1280,_لولا ان يقال ان ملك مصر عجز عن بناء بناه لتركت بناء هذا الجامع و دي كانت مقوله السلطان حسن من.mp4,799af4b8b30e46c49abbcee193c5ebe8b2b3e010c7509b3223e6dd64102a3a5c,لولا_ان_يقال_ان_ملك_مصر_عجز_عن_بناء_بناه_799af4b8_000750_25.00s.jpg,13a282f632dad00b86f80b75e08caccd94c9b1b2db01cf25253abe7ad3bd08f8,EXTRACTED
799af4b8_000765,799af4b8,765,25.5,720,1280,_لولا ان يقال ان ملك مصر عجز عن بناء بناه لتركت بناء هذا الجامع و دي كانت مقوله السلطان حسن من.mp4,799af4b8b30e46c49abbcee193c5ebe8b2b3e010c7509b3223e6dd64102a3a5c,لولا_ان_يقال_ان_ملك_مصر_عجز_عن_بناء_بناه_799af4b8_000765_25.50s.jpg,e4d109e0085daf191fb057b0fd1d50572035557ee1accf2bf5ea194cb3ccd5bb,EXTRACTED
799af4b8_000780,799af4b8,780,26.0,720,1280,_لولا ان يقال ان ملك مصر عجز عن بناء بناه لتركت بناء هذا الجامع و دي كانت مقوله السلطان حسن من.mp4,799af4b8b30e46c49abbcee193c5ebe8b2b3e010c7509b3223e6dd64102a3a5c,لولا_ان_يقال_ان_ملك_مصر_عجز_عن_بناء_بناه_799af4b8_000780_26.00s.jpg,42ad7a07d7a9d0ed1ce6f925413bc595fded57848d4601384967e8ae2adc6546,EXTRACTED
799af4b8_000795,799af4b8,795,26.5,720,1280,_لولا ان يقال ان ملك مصر عجز عن بناء بناه لتركت بناء هذا الجامع و دي كانت مقوله السلطان حسن من.mp4,799af4b8b30e46c49abbcee193c5ebe8b2b3e010c7509b3223e6dd64102a3a5c,لولا_ان_يقال_ان_ملك_مصر_عجز_عن_بناء_بناه_799af4b8_000795_26.50s.jpg,716b9626c601e5a7b707b8344309aea92e9c732a671437f74fd37a3cc00b1481,EXTRACTED
799af4b8_000810,799af4b8,810,27.0,720,1280,_لولا ان يقال ان ملك مصر عجز عن بناء بناه لتركت بناء هذا الجامع و دي كانت مقوله السلطان حسن من.mp4,799af4b8b30e46c49abbcee193c5ebe8b2b3e010c7509b3223e6dd64102a3a5c,لولا_ان_يقال_ان_ملك_مصر_عجز_عن_بناء_بناه_799af4b8_000810_27.00s.jpg,61cdb71c1322c9a8a60b6e9f6125fa96ec74365a20f8716753acbbfd67c3c6a1,EXTRACTED
799af4b8_000825,799af4b8,825,27.5,720,1280,_لولا ان يقال ان ملك مصر عجز عن بناء بناه لتركت بناء هذا الجامع و دي كانت مقوله السلطان حسن من.mp4,799af4b8b30e46c49abbcee193c5ebe8b2b3e010c7509b3223e6dd64102a3a5c,لولا_ان_يقال_ان_ملك_مصر_عجز_عن_بناء_بناه_799af4b8_000825_27.50s.jpg,a07dfc9ce708aeca7c7b5ee21bce662e6a59173fb88bd3fb702e13fd13bc8275,EXTRACTED
799af4b8_000840,799af4b8,840,28.0,720,1280,_لولا ان يقال ان ملك مصر عجز عن بناء بناه لتركت بناء هذا الجامع و دي كانت مقوله السلطان حسن من.mp4,799af4b8b30e46c49abbcee193c5ebe8b2b3e010c7509b3223e6dd64102a3a5c,لولا_ان_يقال_ان_ملك_مصر_عجز_عن_بناء_بناه_799af4b8_000840_28.00s.jpg,db2d260fcfe4dd26a162bb3faa174e0c08730ea96ff9cf808403118dec023307,EXTRACTED
799af4b8_000855,799af4b8,855,28.5,720,1280,_لولا ان يقال ان ملك مصر عجز عن بناء بناه لتركت بناء هذا الجامع و دي كانت مقوله السلطان حسن من.mp4,799af4b8b30e46c49abbcee193c5ebe8b2b3e010c7509b3223e6dd64102a3a5c,لولا_ان_يقال_ان_ملك_مصر_عجز_عن_بناء_بناه_799af4b8_000855_28.50s.jpg,f44a461eab0a536c3bb220408b66339e9ed4be7fd008786bad46396e830d6a58,EXTRACTED
799af4b8_000870,799af4b8,870,29.0,720,1280,_لولا ان يقال ان ملك مصر عجز عن بناء بناه لتركت بناء هذا الجامع و دي كانت مقوله السلطان حسن من.mp4,799af4b8b30e46c49abbcee193c5ebe8b2b3e010c7509b3223e6dd64102a3a5c,لولا_ان_يقال_ان_ملك_مصر_عجز_عن_بناء_بناه_799af4b8_000870_29.00s.jpg,195f2ae5dee42fc0b7d17eedc9fe7424d7b2abfb07831c990d631de71850c85d,EXTRACTED
799af4b8_000885,799af4b8,885,29.5,720,1280,_لولا ان يقال ان ملك مصر عجز عن بناء بناه لتركت بناء هذا الجامع و دي كانت مقوله السلطان حسن من.mp4,799af4b8b30e46c49abbcee193c5ebe8b2b3e010c7509b3223e6dd64102a3a5c,لولا_ان_يقال_ان_ملك_مصر_عجز_عن_بناء_بناه_799af4b8_000885_29.50s.jpg,2bc3ecc2243268952979f171435a60d59e1f57abb5472bda917ba9589247d971,EXTRACTED
799af4b8_000900,799af4b8,900,30.0,720,1280,_لولا ان يقال ان ملك مصر عجز عن بناء بناه لتركت بناء هذا الجامع و دي كانت مقوله السلطان حسن من.mp4,799af4b8b30e46c49abbcee193c5ebe8b2b3e010c7509b3223e6dd64102a3a5c,لولا_ان_يقال_ان_ملك_مصر_عجز_عن_بناء_بناه_799af4b8_000900_30.00s.jpg,d480862fa056a3508ae536090583ce4f2759ca26e951fe34ebc7f99207754bbe,EXTRACTED
799af4b8_000915,799af4b8,915,30.5,720,1280,_لولا ان يقال ان ملك مصر عجز عن بناء بناه لتركت بناء هذا الجامع و دي كانت مقوله السلطان حسن من.mp4,799af4b8b30e46c49abbcee193c5ebe8b2b3e010c7509b3223e6dd64102a3a5c,لولا_ان_يقال_ان_ملك_مصر_عجز_عن_بناء_بناه_799af4b8_000915_30.50s.jpg,23d43cd91f9f6423d6b85e8a11d5f4f6185e78c7443efc9ac6433976cf23df25,EXTRACTED
799af4b8_000930,799af4b8,930,31.0,720,1280,_لولا ان يقال ان ملك مصر عجز عن بناء بناه لتركت بناء هذا الجامع و دي كانت مقوله السلطان حسن من.mp4,799af4b8b30e46c49abbcee193c5ebe8b2b3e010c7509b3223e6dd64102a3a5c,لولا_ان_يقال_ان_ملك_مصر_عجز_عن_بناء_بناه_799af4b8_000930_31.00s.jpg,c35000dbb6f4aa3e08fefe4804cfc28c026c92149b344868a9f26d5544a0a105,EXTRACTED
799af4b8_000945,799af4b8,945,31.5,720,1280,_لولا ان يقال ان ملك مصر عجز عن بناء بناه لتركت بناء هذا الجامع و دي كانت مقوله السلطان حسن من.mp4,799af4b8b30e46c49abbcee193c5ebe8b2b3e010c7509b3223e6dd64102a3a5c,لولا_ان_يقال_ان_ملك_مصر_عجز_عن_بناء_بناه_799af4b8_000945_31.50s.jpg,2dba5aed2e5b29f15b8ffbc24b2b9b456e7405a0334bab0073bcb11150df7cc1,EXTRACTED
799af4b8_000960,799af4b8,960,32.0,720,1280,_لولا ان يقال ان ملك مصر عجز عن بناء بناه لتركت بناء هذا الجامع و دي كانت مقوله السلطان حسن من.mp4,799af4b8b30e46c49abbcee193c5ebe8b2b3e010c7509b3223e6dd64102a3a5c,لولا_ان_يقال_ان_ملك_مصر_عجز_عن_بناء_بناه_799af4b8_000960_32.00s.jpg,4f59e13032025cc5dfa2c689fd972d97a870fe5b7cb70e6bba31d0f3d1973b45,EXTRACTED
799af4b8_000975,799af4b8,975,32.5,720,1280,_لولا ان يقال ان ملك مصر عجز عن بناء بناه لتركت بناء هذا الجامع و دي كانت مقوله السلطان حسن من.mp4,799af4b8b30e46c49abbcee193c5ebe8b2b3e010c7509b3223e6dd64102a3a5c,لولا_ان_يقال_ان_ملك_مصر_عجز_عن_بناء_بناه_799af4b8_000975_32.50s.jpg,8ab8496f8a9a462b262aa6c97a49cddede02672bbbeaa19b6dfbe7fcc2ced2db,EXTRACTED
799af4b8_000990,799af4b8,990,33.0,720,1280,_لولا ان يقال ان ملك مصر عجز عن بناء بناه لتركت بناء هذا الجامع و دي كانت مقوله السلطان حسن من.mp4,799af4b8b30e46c49abbcee193c5ebe8b2b3e010c7509b3223e6dd64102a3a5c,لولا_ان_يقال_ان_ملك_مصر_عجز_عن_بناء_بناه_799af4b8_000990_33.00s.jpg,edc41666caa8852a04e434269ed34e25c13a061e2d76814041be6742b955d2de,EXTRACTED
799af4b8_001005,799af4b8,1005,33.5,720,1280,_لولا ان يقال ان ملك مصر عجز عن بناء بناه لتركت بناء هذا الجامع و دي كانت مقوله السلطان حسن من.mp4,799af4b8b30e46c49abbcee193c5ebe8b2b3e010c7509b3223e6dd64102a3a5c,لولا_ان_يقال_ان_ملك_مصر_عجز_عن_بناء_بناه_799af4b8_001005_33.50s.jpg,c5c83698afd2f97376c78c7ae0dfb071dd32c5f7c4db844600957b307236ba33,EXTRACTED
799af4b8_001020,799af4b8,1020,34.0,720,1280,_لولا ان يقال ان ملك مصر عجز عن بناء بناه لتركت بناء هذا الجامع و دي كانت مقوله السلطان حسن من.mp4,799af4b8b30e46c49abbcee193c5ebe8b2b3e010c7509b3223e6dd64102a3a5c,لولا_ان_يقال_ان_ملك_مصر_عجز_عن_بناء_بناه_799af4b8_001020_34.00s.jpg,6bb8b79783d479212c3bdbae6636f8d3032b2fc793fe1fba5b4cdb7168b107ca,EXTRACTED
799af4b8_001035,799af4b8,1035,34.5,720,1280,_لولا ان يقال ان ملك مصر عجز عن بناء بناه لتركت بناء هذا الجامع و دي كانت مقوله السلطان حسن من.mp4,799af4b8b30e46c49abbcee193c5ebe8b2b3e010c7509b3223e6dd64102a3a5c,لولا_ان_يقال_ان_ملك_مصر_عجز_عن_بناء_بناه_799af4b8_001035_34.50s.jpg,cc4fb77793323c9765cff77fe381bd59f8aaec166a5af725380f7426ab67b53a,EXTRACTED
799af4b8_001050,799af4b8,1050,35.0,720,1280,_لولا ان يقال ان ملك مصر عجز عن بناء بناه لتركت بناء هذا الجامع و دي كانت مقوله السلطان حسن من.mp4,799af4b8b30e46c49abbcee193c5ebe8b2b3e010c7509b3223e6dd64102a3a5c,لولا_ان_يقال_ان_ملك_مصر_عجز_عن_بناء_بناه_799af4b8_001050_35.00s.jpg,98fcb2ac2f2f7419e304ebb08b60c0d3c90105d2bcc35ef68051f54000da03c7,EXTRACTED
799af4b8_001065,799af4b8,1065,35.5,720,1280,_لولا ان يقال ان ملك مصر عجز عن بناء بناه لتركت بناء هذا الجامع و دي كانت مقوله السلطان حسن من.mp4,799af4b8b30e46c49abbcee193c5ebe8b2b3e010c7509b3223e6dd64102a3a5c,لولا_ان_يقال_ان_ملك_مصر_عجز_عن_بناء_بناه_799af4b8_001065_35.50s.jpg,00a0e8c50a249a767a1fb2064a8d4eade8fea50b2d5f56ffc5c5ec4215750164,EXTRACTED
799af4b8_001080,799af4b8,1080,36.0,720,1280,_لولا ان يقال ان ملك مصر عجز عن بناء بناه لتركت بناء هذا الجامع و دي كانت مقوله السلطان حسن من.mp4,799af4b8b30e46c49abbcee193c5ebe8b2b3e010c7509b3223e6dd64102a3a5c,لولا_ان_يقال_ان_ملك_مصر_عجز_عن_بناء_بناه_799af4b8_001080_36.00s.jpg,bb2a846f9615a5ed3e470cde6572685b7b54bb4e30ec5dafbb21a83046e5b8b8,EXTRACTED
799af4b8_001095,799af4b8,1095,36.5,720,1280,_لولا ان يقال ان ملك مصر عجز عن بناء بناه لتركت بناء هذا الجامع و دي كانت مقوله السلطان حسن من.mp4,799af4b8b30e46c49abbcee193c5ebe8b2b3e010c7509b3223e6dd64102a3a5c,لولا_ان_يقال_ان_ملك_مصر_عجز_عن_بناء_بناه_799af4b8_001095_36.50s.jpg,b8aba547ddb470816807716a22e8098b75f6fb02e364d0e94b5030fbb550c6fc,EXTRACTED
799af4b8_001110,799af4b8,1110,37.0,720,1280,_لولا ان يقال ان ملك مصر عجز عن بناء بناه لتركت بناء هذا الجامع و دي كانت مقوله السلطان حسن من.mp4,799af4b8b30e46c49abbcee193c5ebe8b2b3e010c7509b3223e6dd64102a3a5c,لولا_ان_يقال_ان_ملك_مصر_عجز_عن_بناء_بناه_799af4b8_001110_37.00s.jpg,249db23e2337d06ba5b788c3837e7e8ab146c751a780c103c3bd4f29fbfee5f9,EXTRACTED
799af4b8_001125,799af4b8,1125,37.5,720,1280,_لولا ان يقال ان ملك مصر عجز عن بناء بناه لتركت بناء هذا الجامع و دي كانت مقوله السلطان حسن من.mp4,799af4b8b30e46c49abbcee193c5ebe8b2b3e010c7509b3223e6dd64102a3a5c,لولا_ان_يقال_ان_ملك_مصر_عجز_عن_بناء_بناه_799af4b8_001125_37.50s.jpg,d7ad8e1b2a9a107c8fec6fabbfa3b7336b534031286cd12caa2ac003717a6da4,EXTRACTED
799af4b8_001140,799af4b8,1140,38.0,720,1280,_لولا ان يقال ان ملك مصر عجز عن بناء بناه لتركت بناء هذا الجامع و دي كانت مقوله السلطان حسن من.mp4,799af4b8b30e46c49abbcee193c5ebe8b2b3e010c7509b3223e6dd64102a3a5c,لولا_ان_يقال_ان_ملك_مصر_عجز_عن_بناء_بناه_799af4b8_001140_38.00s.jpg,853103072889b9d574249e051cc27a114bfd7dcd2fd96ffe69cfd3063ec1305f,EXTRACTED
799af4b8_001155,799af4b8,1155,38.5,720,1280,_لولا ان يقال ان ملك مصر عجز عن بناء بناه لتركت بناء هذا الجامع و دي كانت مقوله السلطان حسن من.mp4,799af4b8b30e46c49abbcee193c5ebe8b2b3e010c7509b3223e6dd64102a3a5c,لولا_ان_يقال_ان_ملك_مصر_عجز_عن_بناء_بناه_799af4b8_001155_38.50s.jpg,6353464e0231b7476403cd19a17f23a86b3f5a0704753d7b07732feab74da55f,EXTRACTED
799af4b8_001170,799af4b8,1170,39.0,720,1280,_لولا ان يقال ان ملك مصر عجز عن بناء بناه لتركت بناء هذا الجامع و دي كانت مقوله السلطان حسن من.mp4,799af4b8b30e46c49abbcee193c5ebe8b2b3e010c7509b3223e6dd64102a3a5c,لولا_ان_يقال_ان_ملك_مصر_عجز_عن_بناء_بناه_799af4b8_001170_39.00s.jpg,3ca193a4adf365a3f513700b16d35efc76ae8ec026fad128777b6e403831efad,EXTRACTED
799af4b8_001185,799af4b8,1185,39.5,720,1280,_لولا ان يقال ان ملك مصر عجز عن بناء بناه لتركت بناء هذا الجامع و دي كانت مقوله السلطان حسن من.mp4,799af4b8b30e46c49abbcee193c5ebe8b2b3e010c7509b3223e6dd64102a3a5c,لولا_ان_يقال_ان_ملك_مصر_عجز_عن_بناء_بناه_799af4b8_001185_39.50s.jpg,4d934fe16347a8076affcda09b85acbc9543b6b484270e5143c0f1e21552c4cd,EXTRACTED
799af4b8_001200,799af4b8,1200,40.0,720,1280,_لولا ان يقال ان ملك مصر عجز عن بناء بناه لتركت بناء هذا الجامع و دي كانت مقوله السلطان حسن من.mp4,799af4b8b30e46c49abbcee193c5ebe8b2b3e010c7509b3223e6dd64102a3a5c,لولا_ان_يقال_ان_ملك_مصر_عجز_عن_بناء_بناه_799af4b8_001200_40.00s.jpg,eacdc1837b66cd4f07672133b2070105ad1fb8b2d9fcccd60dc7b5f2cdffc5fd,EXTRACTED
799af4b8_001215,799af4b8,1215,40.5,720,1280,_لولا ان يقال ان ملك مصر عجز عن بناء بناه لتركت بناء هذا الجامع و دي كانت مقوله السلطان حسن من.mp4,799af4b8b30e46c49abbcee193c5ebe8b2b3e010c7509b3223e6dd64102a3a5c,لولا_ان_يقال_ان_ملك_مصر_عجز_عن_بناء_بناه_799af4b8_001215_40.50s.jpg,4f767eabcc101496d53828acc2b86cbed4d10bb6112689b295b40c01ae5b0ea7,EXTRACTED
799af4b8_001230,799af4b8,1230,41.0,720,1280,_لولا ان يقال ان ملك مصر عجز عن بناء بناه لتركت بناء هذا الجامع و دي كانت مقوله السلطان حسن من.mp4,799af4b8b30e46c49abbcee193c5ebe8b2b3e010c7509b3223e6dd64102a3a5c,لولا_ان_يقال_ان_ملك_مصر_عجز_عن_بناء_بناه_799af4b8_001230_41.00s.jpg,8a0fe28c0398f3034a9dccd3185b1e0cc27d5ad6239925ce81b12152bcaefa6a,EXTRACTED
799af4b8_001245,799af4b8,1245,41.5,720,1280,_لولا ان يقال ان ملك مصر عجز عن بناء بناه لتركت بناء هذا الجامع و دي كانت مقوله السلطان حسن من.mp4,799af4b8b30e46c49abbcee193c5ebe8b2b3e010c7509b3223e6dd64102a3a5c,لولا_ان_يقال_ان_ملك_مصر_عجز_عن_بناء_بناه_799af4b8_001245_41.50s.jpg,a815a78fd077f22d3c9941319bb3c02227f13726e3c2de8b52b09c0b01f32d03,EXTRACTED
799af4b8_001260,799af4b8,1260,42.0,720,1280,_لولا ان يقال ان ملك مصر عجز عن بناء بناه لتركت بناء هذا الجامع و دي كانت مقوله السلطان حسن من.mp4,799af4b8b30e46c49abbcee193c5ebe8b2b3e010c7509b3223e6dd64102a3a5c,لولا_ان_يقال_ان_ملك_مصر_عجز_عن_بناء_بناه_799af4b8_001260_42.00s.jpg,f61609a38d8c9eebedfd2b98629a6185321e666afdd0ef8ff9959509ccc10b17,EXTRACTED
799af4b8_001275,799af4b8,1275,42.5,720,1280,_لولا ان يقال ان ملك مصر عجز عن بناء بناه لتركت بناء هذا الجامع و دي كانت مقوله السلطان حسن من.mp4,799af4b8b30e46c49abbcee193c5ebe8b2b3e010c7509b3223e6dd64102a3a5c,لولا_ان_يقال_ان_ملك_مصر_عجز_عن_بناء_بناه_799af4b8_001275_42.50s.jpg,e022fd91d30d72a915273666afae3b3241c42eb0bc591680d6785b59804ccfb5,EXTRACTED
799af4b8_001290,799af4b8,1290,43.0,720,1280,_لولا ان يقال ان ملك مصر عجز عن بناء بناه لتركت بناء هذا الجامع و دي كانت مقوله السلطان حسن من.mp4,799af4b8b30e46c49abbcee193c5ebe8b2b3e010c7509b3223e6dd64102a3a5c,لولا_ان_يقال_ان_ملك_مصر_عجز_عن_بناء_بناه_799af4b8_001290_43.00s.jpg,c841ef9152eab9f77745d3d4284d9863cc865ddcb53d8cfd509f0eadf90c5524,EXTRACTED
799af4b8_001305,799af4b8,1305,43.5,720,1280,_لولا ان يقال ان ملك مصر عجز عن بناء بناه لتركت بناء هذا الجامع و دي كانت مقوله السلطان حسن من.mp4,799af4b8b30e46c49abbcee193c5ebe8b2b3e010c7509b3223e6dd64102a3a5c,لولا_ان_يقال_ان_ملك_مصر_عجز_عن_بناء_بناه_799af4b8_001305_43.50s.jpg,c257151b8b8bfc1c33273eba69fb270b0aa1ce8683a9ecd79601809abcdb8b93,EXTRACTED
799af4b8_001320,799af4b8,1320,44.0,720,1280,_لولا ان يقال ان ملك مصر عجز عن بناء بناه لتركت بناء هذا الجامع و دي كانت مقوله السلطان حسن من.mp4,799af4b8b30e46c49abbcee193c5ebe8b2b3e010c7509b3223e6dd64102a3a5c,لولا_ان_يقال_ان_ملك_مصر_عجز_عن_بناء_بناه_799af4b8_001320_44.00s.jpg,2b2ea37f5ff7863f5fafbfe3f0c2b03eb4e9561008aa4f4261e27acef93b2772,EXTRACTED
799af4b8_001335,799af4b8,1335,44.5,720,1280,_لولا ان يقال ان ملك مصر عجز عن بناء بناه لتركت بناء هذا الجامع و دي كانت مقوله السلطان حسن من.mp4,799af4b8b30e46c49abbcee193c5ebe8b2b3e010c7509b3223e6dd64102a3a5c,لولا_ان_يقال_ان_ملك_مصر_عجز_عن_بناء_بناه_799af4b8_001335_44.50s.jpg,3a8dfbcd832c0660c1b6d5e7f37e1dffd122d4fd87dbfab8dc3d9fc75d4750d4,EXTRACTED
799af4b8_001350,799af4b8,1350,45.0,720,1280,_لولا ان يقال ان ملك مصر عجز عن بناء بناه لتركت بناء هذا الجامع و دي كانت مقوله السلطان حسن من.mp4,799af4b8b30e46c49abbcee193c5ebe8b2b3e010c7509b3223e6dd64102a3a5c,لولا_ان_يقال_ان_ملك_مصر_عجز_عن_بناء_بناه_799af4b8_001350_45.00s.jpg,d42e1bc40d3202250ab17fed0d28849fc906e3382eeab76bb0bf0f1025178943,EXTRACTED
799af4b8_001365,799af4b8,1365,45.5,720,1280,_لولا ان يقال ان ملك مصر عجز عن بناء بناه لتركت بناء هذا الجامع و دي كانت مقوله السلطان حسن من.mp4,799af4b8b30e46c49abbcee193c5ebe8b2b3e010c7509b3223e6dd64102a3a5c,لولا_ان_يقال_ان_ملك_مصر_عجز_عن_بناء_بناه_799af4b8_001365_45.50s.jpg,4786e2341e7ae4175ba9a85ebc2530569c70c9dc48f8a2a94e06754cbc2ef965,EXTRACTED
799af4b8_001380,799af4b8,1380,46.0,720,1280,_لولا ان يقال ان ملك مصر عجز عن بناء بناه لتركت بناء هذا الجامع و دي كانت مقوله السلطان حسن من.mp4,799af4b8b30e46c49abbcee193c5ebe8b2b3e010c7509b3223e6dd64102a3a5c,لولا_ان_يقال_ان_ملك_مصر_عجز_عن_بناء_بناه_799af4b8_001380_46.00s.jpg,bf94612a068cc3a50cb8145e730fb74a80858651e71b78d02be26e40a96b04eb,EXTRACTED
799af4b8_001395,799af4b8,1395,46.5,720,1280,_لولا ان يقال ان ملك مصر عجز عن بناء بناه لتركت بناء هذا الجامع و دي كانت مقوله السلطان حسن من.mp4,799af4b8b30e46c49abbcee193c5ebe8b2b3e010c7509b3223e6dd64102a3a5c,لولا_ان_يقال_ان_ملك_مصر_عجز_عن_بناء_بناه_799af4b8_001395_46.50s.jpg,7a205ae9a48b75c377bdbc86cf21ad4d4d419e339616254ce64908bbc442b2e4,EXTRACTED
799af4b8_001410,799af4b8,1410,47.0,720,1280,_لولا ان يقال ان ملك مصر عجز عن بناء بناه لتركت بناء هذا الجامع و دي كانت مقوله السلطان حسن من.mp4,799af4b8b30e46c49abbcee193c5ebe8b2b3e010c7509b3223e6dd64102a3a5c,لولا_ان_يقال_ان_ملك_مصر_عجز_عن_بناء_بناه_799af4b8_001410_47.00s.jpg,2bcef783dd923773acf0e29f419f82b5aab2fdab103ce962a6da8302f48f5079,EXTRACTED
799af4b8_001425,799af4b8,1425,47.5,720,1280,_لولا ان يقال ان ملك مصر عجز عن بناء بناه لتركت بناء هذا الجامع و دي كانت مقوله السلطان حسن من.mp4,799af4b8b30e46c49abbcee193c5ebe8b2b3e010c7509b3223e6dd64102a3a5c,لولا_ان_يقال_ان_ملك_مصر_عجز_عن_بناء_بناه_799af4b8_001425_47.50s.jpg,83995d0f72ae66347a2eaa1b57220c944570a13f2a2a42c30b5bd89d77d54338,EXTRACTED
799af4b8_001440,799af4b8,1440,48.0,720,1280,_لولا ان يقال ان ملك مصر عجز عن بناء بناه لتركت بناء هذا الجامع و دي كانت مقوله السلطان حسن من.mp4,799af4b8b30e46c49abbcee193c5ebe8b2b3e010c7509b3223e6dd64102a3a5c,لولا_ان_يقال_ان_ملك_مصر_عجز_عن_بناء_بناه_799af4b8_001440_48.00s.jpg,15c5b59c2c0c1772815110126e6ca057bc3e9891b1987a105c6648214dfee12e,EXTRACTED
799af4b8_001455,799af4b8,1455,48.5,720,1280,_لولا ان يقال ان ملك مصر عجز عن بناء بناه لتركت بناء هذا الجامع و دي كانت مقوله السلطان حسن من.mp4,799af4b8b30e46c49abbcee193c5ebe8b2b3e010c7509b3223e6dd64102a3a5c,لولا_ان_يقال_ان_ملك_مصر_عجز_عن_بناء_بناه_799af4b8_001455_48.50s.jpg,48af4949dfdbd5674d38035b6d5db8ea460dfe03326406c589ed896dc5bea79d,EXTRACTED
172dae5d_000000,172dae5d,0,0.0,720,1282,الله🤍🌿🌿🌸من مسجد السلطان حسن بالقاهرة ❤️💚🌿🌸#مصر_جميلة #السياحة_في_مصر  #egypt #beautifuleg.mp4,172dae5d99138be275666cbffbe96861783556f1c7eb29d2cb07cbe695591639,الله_من_مسجد_السلطان_حسن_بالقاهرة_مصر_جم_172dae5d_000000_0.00s.jpg,3fad120172d0d004b8e4127ed8dfecae41da986c78ceb9f37beaa34c5a406ec3,EXTRACTED
172dae5d_000015,172dae5d,15,0.5,720,1282,الله🤍🌿🌿🌸من مسجد السلطان حسن بالقاهرة ❤️💚🌿🌸#مصر_جميلة #السياحة_في_مصر  #egypt #beautifuleg.mp4,172dae5d99138be275666cbffbe96861783556f1c7eb29d2cb07cbe695591639,الله_من_مسجد_السلطان_حسن_بالقاهرة_مصر_جم_172dae5d_000015_0.50s.jpg,1344f5d4385d7aef81bb1e797b5131919c5bafe3358c678ddf74db2bb9c4af6b,EXTRACTED
172dae5d_000030,172dae5d,30,1.0,720,1282,الله🤍🌿🌿🌸من مسجد السلطان حسن بالقاهرة ❤️💚🌿🌸#مصر_جميلة #السياحة_في_مصر  #egypt #beautifuleg.mp4,172dae5d99138be275666cbffbe96861783556f1c7eb29d2cb07cbe695591639,الله_من_مسجد_السلطان_حسن_بالقاهرة_مصر_جم_172dae5d_000030_1.00s.jpg,f9255ee42e64e12625253f35533260d0d3a474c2a302a126529b2b0cb75f6f42,EXTRACTED
172dae5d_000045,172dae5d,45,1.5,720,1282,الله🤍🌿🌿🌸من مسجد السلطان حسن بالقاهرة ❤️💚🌿🌸#مصر_جميلة #السياحة_في_مصر  #egypt #beautifuleg.mp4,172dae5d99138be275666cbffbe96861783556f1c7eb29d2cb07cbe695591639,الله_من_مسجد_السلطان_حسن_بالقاهرة_مصر_جم_172dae5d_000045_1.50s.jpg,14d7fd11639096171de367e4234aeb27f17f82cde936b208b58075b6e6ed846a,EXTRACTED
172dae5d_000060,172dae5d,60,2.0,720,1282,الله🤍🌿🌿🌸من مسجد السلطان حسن بالقاهرة ❤️💚🌿🌸#مصر_جميلة #السياحة_في_مصر  #egypt #beautifuleg.mp4,172dae5d99138be275666cbffbe96861783556f1c7eb29d2cb07cbe695591639,الله_من_مسجد_السلطان_حسن_بالقاهرة_مصر_جم_172dae5d_000060_2.00s.jpg,f65200f1d17f60ac1a7773351463ff5a68d65fb0e56df9af91149aaa92ab7d5b,EXTRACTED
172dae5d_000075,172dae5d,75,2.5,720,1282,الله🤍🌿🌿🌸من مسجد السلطان حسن بالقاهرة ❤️💚🌿🌸#مصر_جميلة #السياحة_في_مصر  #egypt #beautifuleg.mp4,172dae5d99138be275666cbffbe96861783556f1c7eb29d2cb07cbe695591639,الله_من_مسجد_السلطان_حسن_بالقاهرة_مصر_جم_172dae5d_000075_2.50s.jpg,5a4d65fe8e223b8fe34d62f5b9d0ab0325ad4e272193d4b8eb78632359f125b2,EXTRACTED
172dae5d_000090,172dae5d,90,3.0,720,1282,الله🤍🌿🌿🌸من مسجد السلطان حسن بالقاهرة ❤️💚🌿🌸#مصر_جميلة #السياحة_في_مصر  #egypt #beautifuleg.mp4,172dae5d99138be275666cbffbe96861783556f1c7eb29d2cb07cbe695591639,الله_من_مسجد_السلطان_حسن_بالقاهرة_مصر_جم_172dae5d_000090_3.00s.jpg,98ea9d9fa559859c89b2e8ac4ab5afb39fa10450dbd5fbeb24f3b544e3304a75,EXTRACTED
172dae5d_000105,172dae5d,105,3.5,720,1282,الله🤍🌿🌿🌸من مسجد السلطان حسن بالقاهرة ❤️💚🌿🌸#مصر_جميلة #السياحة_في_مصر  #egypt #beautifuleg.mp4,172dae5d99138be275666cbffbe96861783556f1c7eb29d2cb07cbe695591639,الله_من_مسجد_السلطان_حسن_بالقاهرة_مصر_جم_172dae5d_000105_3.50s.jpg,b90883006d0e4b6c5aa51f5db9e0aa8127efaf49a1d27f507b62ae80a28fe83d,EXTRACTED
172dae5d_000120,172dae5d,120,4.0,720,1282,الله🤍🌿🌿🌸من مسجد السلطان حسن بالقاهرة ❤️💚🌿🌸#مصر_جميلة #السياحة_في_مصر  #egypt #beautifuleg.mp4,172dae5d99138be275666cbffbe96861783556f1c7eb29d2cb07cbe695591639,الله_من_مسجد_السلطان_حسن_بالقاهرة_مصر_جم_172dae5d_000120_4.00s.jpg,f1bb57557afbf30563cde1ff814e6df7102bc8d4a5a3af80a11ae2bb6e49aefa,EXTRACTED
172dae5d_000135,172dae5d,135,4.5,720,1282,الله🤍🌿🌿🌸من مسجد السلطان حسن بالقاهرة ❤️💚🌿🌸#مصر_جميلة #السياحة_في_مصر  #egypt #beautifuleg.mp4,172dae5d99138be275666cbffbe96861783556f1c7eb29d2cb07cbe695591639,الله_من_مسجد_السلطان_حسن_بالقاهرة_مصر_جم_172dae5d_000135_4.50s.jpg,3ea8a8ff28c3121b90e9487a54ee326c05b1adc02561d7d8a2c8acbdec13e54b,EXTRACTED
172dae5d_000150,172dae5d,150,5.0,720,1282,الله🤍🌿🌿🌸من مسجد السلطان حسن بالقاهرة ❤️💚🌿🌸#مصر_جميلة #السياحة_في_مصر  #egypt #beautifuleg.mp4,172dae5d99138be275666cbffbe96861783556f1c7eb29d2cb07cbe695591639,الله_من_مسجد_السلطان_حسن_بالقاهرة_مصر_جم_172dae5d_000150_5.00s.jpg,5fa2bdde8f4acdc625dc60397aab854a2042310d9f8b6d38f733f4e61ffa8482,EXTRACTED
172dae5d_000165,172dae5d,165,5.5,720,1282,الله🤍🌿🌿🌸من مسجد السلطان حسن بالقاهرة ❤️💚🌿🌸#مصر_جميلة #السياحة_في_مصر  #egypt #beautifuleg.mp4,172dae5d99138be275666cbffbe96861783556f1c7eb29d2cb07cbe695591639,الله_من_مسجد_السلطان_حسن_بالقاهرة_مصر_جم_172dae5d_000165_5.50s.jpg,c03187dd380b172004e3ad7f090a370eba0e6382d4ec3a9637179c59437b73b1,EXTRACTED
1219b3c7_000000,1219b3c7,0,0.0,720,1280,📍مسجد السلطان حسن واحد من أعظم التحف المعمارية في تاريخ الإسلام (1).mp4,1219b3c7905182d8ac458ac03d6e6085926837d3d715dd518cdffd41a4badef3,مسجد_السلطان_حسن_واحد_من_أعظم_التحف_المع_1219b3c7_000000_0.00s.jpg,a09a1fca375532e8445905c27a230ecc9cd1712a95bfd89a8943799d47eb1e0f,EXTRACTED
1219b3c7_000015,1219b3c7,15,0.5,720,1280,📍مسجد السلطان حسن واحد من أعظم التحف المعمارية في تاريخ الإسلام (1).mp4,1219b3c7905182d8ac458ac03d6e6085926837d3d715dd518cdffd41a4badef3,مسجد_السلطان_حسن_واحد_من_أعظم_التحف_المع_1219b3c7_000015_0.50s.jpg,0ac1573c2274012f76f54cecdb8e1543fec0cf88761a1b39e6968cff2f0e0fac,EXTRACTED
1219b3c7_000030,1219b3c7,30,1.0,720,1280,📍مسجد السلطان حسن واحد من أعظم التحف المعمارية في تاريخ الإسلام (1).mp4,1219b3c7905182d8ac458ac03d6e6085926837d3d715dd518cdffd41a4badef3,مسجد_السلطان_حسن_واحد_من_أعظم_التحف_المع_1219b3c7_000030_1.00s.jpg,aa18db7add32d3b453b77ffaf0b7c41edf057038dc288ea6c49b9406dd7f409f,EXTRACTED
1219b3c7_000045,1219b3c7,45,1.5,720,1280,📍مسجد السلطان حسن واحد من أعظم التحف المعمارية في تاريخ الإسلام (1).mp4,1219b3c7905182d8ac458ac03d6e6085926837d3d715dd518cdffd41a4badef3,مسجد_السلطان_حسن_واحد_من_أعظم_التحف_المع_1219b3c7_000045_1.50s.jpg,59bb484620f8644b2c76613425bbc15e19b7b3c352659d63fca0f460d49bb5cd,EXTRACTED
1219b3c7_000060,1219b3c7,60,2.0,720,1280,📍مسجد السلطان حسن واحد من أعظم التحف المعمارية في تاريخ الإسلام (1).mp4,1219b3c7905182d8ac458ac03d6e6085926837d3d715dd518cdffd41a4badef3,مسجد_السلطان_حسن_واحد_من_أعظم_التحف_المع_1219b3c7_000060_2.00s.jpg,57f48a94c7f14c85618d221527a83068a635b211aedf9ccb1c8f5a42c282c866,EXTRACTED
1219b3c7_000075,1219b3c7,75,2.5,720,1280,📍مسجد السلطان حسن واحد من أعظم التحف المعمارية في تاريخ الإسلام (1).mp4,1219b3c7905182d8ac458ac03d6e6085926837d3d715dd518cdffd41a4badef3,مسجد_السلطان_حسن_واحد_من_أعظم_التحف_المع_1219b3c7_000075_2.50s.jpg,3604bfb1f6baf69381001e51c6f4670b4565bacab531d173482019351ca6632a,EXTRACTED
1219b3c7_000090,1219b3c7,90,3.0,720,1280,📍مسجد السلطان حسن واحد من أعظم التحف المعمارية في تاريخ الإسلام (1).mp4,1219b3c7905182d8ac458ac03d6e6085926837d3d715dd518cdffd41a4badef3,مسجد_السلطان_حسن_واحد_من_أعظم_التحف_المع_1219b3c7_000090_3.00s.jpg,0aec7654894f16eb7cfa9479f1fa2fc24579b8613f20cd26e9468dbde49a2c21,EXTRACTED
1219b3c7_000105,1219b3c7,105,3.5,720,1280,📍مسجد السلطان حسن واحد من أعظم التحف المعمارية في تاريخ الإسلام (1).mp4,1219b3c7905182d8ac458ac03d6e6085926837d3d715dd518cdffd41a4badef3,مسجد_السلطان_حسن_واحد_من_أعظم_التحف_المع_1219b3c7_000105_3.50s.jpg,5d25f40064b08e47f44535ff9b027da2aafdf398aacdf05c4b1bb2d928f684c8,EXTRACTED
1219b3c7_000120,1219b3c7,120,4.0,720,1280,📍مسجد السلطان حسن واحد من أعظم التحف المعمارية في تاريخ الإسلام (1).mp4,1219b3c7905182d8ac458ac03d6e6085926837d3d715dd518cdffd41a4badef3,مسجد_السلطان_حسن_واحد_من_أعظم_التحف_المع_1219b3c7_000120_4.00s.jpg,4b8ac7faa111a81b5546a4868a8a3f21ba9ef2b51b14af438de1c317c094a182,EXTRACTED
1219b3c7_000135,1219b3c7,135,4.5,720,1280,📍مسجد السلطان حسن واحد من أعظم التحف المعمارية في تاريخ الإسلام (1).mp4,1219b3c7905182d8ac458ac03d6e6085926837d3d715dd518cdffd41a4badef3,مسجد_السلطان_حسن_واحد_من_أعظم_التحف_المع_1219b3c7_000135_4.50s.jpg,5092ae5eedb28fdf6f0e50c9a7edc8004d5ffbd2df8eaaece97c31159ebafee1,EXTRACTED
1219b3c7_000150,1219b3c7,150,5.0,720,1280,📍مسجد السلطان حسن واحد من أعظم التحف المعمارية في تاريخ الإسلام (1).mp4,1219b3c7905182d8ac458ac03d6e6085926837d3d715dd518cdffd41a4badef3,مسجد_السلطان_حسن_واحد_من_أعظم_التحف_المع_1219b3c7_000150_5.00s.jpg,f94dc4f20e2e355c91ca3f6c7bb6251e54373befd3615859b201b072a6036eb6,EXTRACTED
1219b3c7_000165,1219b3c7,165,5.5,720,1280,📍مسجد السلطان حسن واحد من أعظم التحف المعمارية في تاريخ الإسلام (1).mp4,1219b3c7905182d8ac458ac03d6e6085926837d3d715dd518cdffd41a4badef3,مسجد_السلطان_حسن_واحد_من_أعظم_التحف_المع_1219b3c7_000165_5.50s.jpg,34a6d333cd38d56e50c075388a30c136ee2b55ad64444cecf9ea7858fda55180,EXTRACTED
1219b3c7_000180,1219b3c7,180,6.0,720,1280,📍مسجد السلطان حسن واحد من أعظم التحف المعمارية في تاريخ الإسلام (1).mp4,1219b3c7905182d8ac458ac03d6e6085926837d3d715dd518cdffd41a4badef3,مسجد_السلطان_حسن_واحد_من_أعظم_التحف_المع_1219b3c7_000180_6.00s.jpg,e1d5ac9802e1e944a4568457646c3ce6f03f9da2f75c7e3f70ef84aba9c4bf36,EXTRACTED
1219b3c7_000195,1219b3c7,195,6.5,720,1280,📍مسجد السلطان حسن واحد من أعظم التحف المعمارية في تاريخ الإسلام (1).mp4,1219b3c7905182d8ac458ac03d6e6085926837d3d715dd518cdffd41a4badef3,مسجد_السلطان_حسن_واحد_من_أعظم_التحف_المع_1219b3c7_000195_6.50s.jpg,9726ea1f733fcc60e67746cbb7019b4c8076f9764dbe765e60e0718450d336a6,EXTRACTED
1219b3c7_000210,1219b3c7,210,7.0,720,1280,📍مسجد السلطان حسن واحد من أعظم التحف المعمارية في تاريخ الإسلام (1).mp4,1219b3c7905182d8ac458ac03d6e6085926837d3d715dd518cdffd41a4badef3,مسجد_السلطان_حسن_واحد_من_أعظم_التحف_المع_1219b3c7_000210_7.00s.jpg,ef7dd0ed37ad2e6ff8063f7908f8108d160d8fc5bdb4422f93c558bb903d32a2,EXTRACTED
1219b3c7_000225,1219b3c7,225,7.5,720,1280,📍مسجد السلطان حسن واحد من أعظم التحف المعمارية في تاريخ الإسلام (1).mp4,1219b3c7905182d8ac458ac03d6e6085926837d3d715dd518cdffd41a4badef3,مسجد_السلطان_حسن_واحد_من_أعظم_التحف_المع_1219b3c7_000225_7.50s.jpg,3c6eecb74a0c023ec487d9e4ab6138900a5c5797c6ebf92271bfc5acd8ceaefe,EXTRACTED
1219b3c7_000240,1219b3c7,240,8.0,720,1280,📍مسجد السلطان حسن واحد من أعظم التحف المعمارية في تاريخ الإسلام (1).mp4,1219b3c7905182d8ac458ac03d6e6085926837d3d715dd518cdffd41a4badef3,مسجد_السلطان_حسن_واحد_من_أعظم_التحف_المع_1219b3c7_000240_8.00s.jpg,b5bcf8b86c2af986b362eedf64a703cd0a4a6ffddad7a9889a9467800d0d83c0,EXTRACTED
1219b3c7_000255,1219b3c7,255,8.5,720,1280,📍مسجد السلطان حسن واحد من أعظم التحف المعمارية في تاريخ الإسلام (1).mp4,1219b3c7905182d8ac458ac03d6e6085926837d3d715dd518cdffd41a4badef3,مسجد_السلطان_حسن_واحد_من_أعظم_التحف_المع_1219b3c7_000255_8.50s.jpg,cd61eca0cd6e30c0dad9eb59d24a5c85ce5e1bad5d9d8df4560d8c5ab778a4e8,EXTRACTED
1219b3c7_000270,1219b3c7,270,9.0,720,1280,📍مسجد السلطان حسن واحد من أعظم التحف المعمارية في تاريخ الإسلام (1).mp4,1219b3c7905182d8ac458ac03d6e6085926837d3d715dd518cdffd41a4badef3,مسجد_السلطان_حسن_واحد_من_أعظم_التحف_المع_1219b3c7_000270_9.00s.jpg,c0a9689b8c414df65aac322291663d994422d96a0afa17cba13c637ff7477518,EXTRACTED
1219b3c7_000285,1219b3c7,285,9.5,720,1280,📍مسجد السلطان حسن واحد من أعظم التحف المعمارية في تاريخ الإسلام (1).mp4,1219b3c7905182d8ac458ac03d6e6085926837d3d715dd518cdffd41a4badef3,مسجد_السلطان_حسن_واحد_من_أعظم_التحف_المع_1219b3c7_000285_9.50s.jpg,39e69bf56b28d0ba3a7d807bc131d03a5cd97010bdbd35a7974bd17c578f550e,EXTRACTED
1219b3c7_000300,1219b3c7,300,10.0,720,1280,📍مسجد السلطان حسن واحد من أعظم التحف المعمارية في تاريخ الإسلام (1).mp4,1219b3c7905182d8ac458ac03d6e6085926837d3d715dd518cdffd41a4badef3,مسجد_السلطان_حسن_واحد_من_أعظم_التحف_المع_1219b3c7_000300_10.00s.jpg,7a43a0e5010ea11a635d5b33b1ba076213d8ad0cdfab20c93951abcb39d5087e,EXTRACTED
1219b3c7_000315,1219b3c7,315,10.5,720,1280,📍مسجد السلطان حسن واحد من أعظم التحف المعمارية في تاريخ الإسلام (1).mp4,1219b3c7905182d8ac458ac03d6e6085926837d3d715dd518cdffd41a4badef3,مسجد_السلطان_حسن_واحد_من_أعظم_التحف_المع_1219b3c7_000315_10.50s.jpg,a8687b1753b892f3c28e92a0bc30a31f95351a649cc7c213687f88fdeb80be1c,EXTRACTED
1219b3c7_000330,1219b3c7,330,11.0,720,1280,📍مسجد السلطان حسن واحد من أعظم التحف المعمارية في تاريخ الإسلام (1).mp4,1219b3c7905182d8ac458ac03d6e6085926837d3d715dd518cdffd41a4badef3,مسجد_السلطان_حسن_واحد_من_أعظم_التحف_المع_1219b3c7_000330_11.00s.jpg,5ad195693ffdbbbfe827d62e408f0f03231d3f4a515f675b86746367db49a2ea,EXTRACTED
1219b3c7_000345,1219b3c7,345,11.5,720,1280,📍مسجد السلطان حسن واحد من أعظم التحف المعمارية في تاريخ الإسلام (1).mp4,1219b3c7905182d8ac458ac03d6e6085926837d3d715dd518cdffd41a4badef3,مسجد_السلطان_حسن_واحد_من_أعظم_التحف_المع_1219b3c7_000345_11.50s.jpg,cefb951926bdd6c68b5c6fa3295baf976be7afdc153f9a4e2999099d3fd3cd47,EXTRACTED
1219b3c7_000360,1219b3c7,360,12.0,720,1280,📍مسجد السلطان حسن واحد من أعظم التحف المعمارية في تاريخ الإسلام (1).mp4,1219b3c7905182d8ac458ac03d6e6085926837d3d715dd518cdffd41a4badef3,مسجد_السلطان_حسن_واحد_من_أعظم_التحف_المع_1219b3c7_000360_12.00s.jpg,fa5a3af7549b7fd5387ea2369b7e061b1f0e77f3fe8f0ecb2b946c21dd24f23c,EXTRACTED
1219b3c7_000375,1219b3c7,375,12.5,720,1280,📍مسجد السلطان حسن واحد من أعظم التحف المعمارية في تاريخ الإسلام (1).mp4,1219b3c7905182d8ac458ac03d6e6085926837d3d715dd518cdffd41a4badef3,مسجد_السلطان_حسن_واحد_من_أعظم_التحف_المع_1219b3c7_000375_12.50s.jpg,4f46d085ec48cda8988c3512f1d058c5a547478410dcdf9eaa2121d8fe975235,EXTRACTED
1219b3c7_000390,1219b3c7,390,13.0,720,1280,📍مسجد السلطان حسن واحد من أعظم التحف المعمارية في تاريخ الإسلام (1).mp4,1219b3c7905182d8ac458ac03d6e6085926837d3d715dd518cdffd41a4badef3,مسجد_السلطان_حسن_واحد_من_أعظم_التحف_المع_1219b3c7_000390_13.00s.jpg,29bd96e7ce65ccd855e5fd0b00f47d208a7f31b0a0cf526ad9078874ad1dfa56,EXTRACTED
1219b3c7_000405,1219b3c7,405,13.5,720,1280,📍مسجد السلطان حسن واحد من أعظم التحف المعمارية في تاريخ الإسلام (1).mp4,1219b3c7905182d8ac458ac03d6e6085926837d3d715dd518cdffd41a4badef3,مسجد_السلطان_حسن_واحد_من_أعظم_التحف_المع_1219b3c7_000405_13.50s.jpg,d735a53cdc4d39d779e9edd2353c8899890d32b3c9a0a053e6dc6dadef0d65c4,EXTRACTED
1219b3c7_000420,1219b3c7,420,14.0,720,1280,📍مسجد السلطان حسن واحد من أعظم التحف المعمارية في تاريخ الإسلام (1).mp4,1219b3c7905182d8ac458ac03d6e6085926837d3d715dd518cdffd41a4badef3,مسجد_السلطان_حسن_واحد_من_أعظم_التحف_المع_1219b3c7_000420_14.00s.jpg,333895f90373c344a80eff2a995c472fc27a40bff48f189c03c0a49a58809b7f,EXTRACTED
1219b3c7_000435,1219b3c7,435,14.5,720,1280,📍مسجد السلطان حسن واحد من أعظم التحف المعمارية في تاريخ الإسلام (1).mp4,1219b3c7905182d8ac458ac03d6e6085926837d3d715dd518cdffd41a4badef3,مسجد_السلطان_حسن_واحد_من_أعظم_التحف_المع_1219b3c7_000435_14.50s.jpg,01bbf7313c682aa76af217bbf59d41f99f612739017afa5a77c13cae56db4a8a,EXTRACTED
1219b3c7_000450,1219b3c7,450,15.0,720,1280,📍مسجد السلطان حسن واحد من أعظم التحف المعمارية في تاريخ الإسلام (1).mp4,1219b3c7905182d8ac458ac03d6e6085926837d3d715dd518cdffd41a4badef3,مسجد_السلطان_حسن_واحد_من_أعظم_التحف_المع_1219b3c7_000450_15.00s.jpg,88a5c72c23dfde69f9f745783cd40fa26033540c9f161a2b63ce1a6a6f29b3ef,EXTRACTED
1219b3c7_000465,1219b3c7,465,15.5,720,1280,📍مسجد السلطان حسن واحد من أعظم التحف المعمارية في تاريخ الإسلام (1).mp4,1219b3c7905182d8ac458ac03d6e6085926837d3d715dd518cdffd41a4badef3,مسجد_السلطان_حسن_واحد_من_أعظم_التحف_المع_1219b3c7_000465_15.50s.jpg,d918064b91533d24cf53f71d4896bfcd8bba5cc46b0f7aab7a2e583aa9465e97,EXTRACTED
1219b3c7_000480,1219b3c7,480,16.0,720,1280,📍مسجد السلطان حسن واحد من أعظم التحف المعمارية في تاريخ الإسلام (1).mp4,1219b3c7905182d8ac458ac03d6e6085926837d3d715dd518cdffd41a4badef3,مسجد_السلطان_حسن_واحد_من_أعظم_التحف_المع_1219b3c7_000480_16.00s.jpg,c0b58370640052de101697e065460e7909143f7fb4183c773ff6e3e324772d9d,EXTRACTED
1219b3c7_000495,1219b3c7,495,16.5,720,1280,📍مسجد السلطان حسن واحد من أعظم التحف المعمارية في تاريخ الإسلام (1).mp4,1219b3c7905182d8ac458ac03d6e6085926837d3d715dd518cdffd41a4badef3,مسجد_السلطان_حسن_واحد_من_أعظم_التحف_المع_1219b3c7_000495_16.50s.jpg,e70e06dcfef3a42bcf7f19d8735197afe3b2620f3a63973abcc54d20a6624f10,EXTRACTED
1219b3c7_000510,1219b3c7,510,17.0,720,1280,📍مسجد السلطان حسن واحد من أعظم التحف المعمارية في تاريخ الإسلام (1).mp4,1219b3c7905182d8ac458ac03d6e6085926837d3d715dd518cdffd41a4badef3,مسجد_السلطان_حسن_واحد_من_أعظم_التحف_المع_1219b3c7_000510_17.00s.jpg,ea2fc99af2230789af69b16b00e2806442254f45e0342d57c29bcd1f830350ec,EXTRACTED
1219b3c7_000525,1219b3c7,525,17.5,720,1280,📍مسجد السلطان حسن واحد من أعظم التحف المعمارية في تاريخ الإسلام (1).mp4,1219b3c7905182d8ac458ac03d6e6085926837d3d715dd518cdffd41a4badef3,مسجد_السلطان_حسن_واحد_من_أعظم_التحف_المع_1219b3c7_000525_17.50s.jpg,f64d3ff59a848cff8fe0f947fd74bf7ba86eae22e0c970e70fd9a7e334c8d378,EXTRACTED
1219b3c7_000540,1219b3c7,540,18.0,720,1280,📍مسجد السلطان حسن واحد من أعظم التحف المعمارية في تاريخ الإسلام (1).mp4,1219b3c7905182d8ac458ac03d6e6085926837d3d715dd518cdffd41a4badef3,مسجد_السلطان_حسن_واحد_من_أعظم_التحف_المع_1219b3c7_000540_18.00s.jpg,b3dedb6e00e4b1bb227089c087bd3c4a901613a51e20f1ff4421a42d5219f138,EXTRACTED
1219b3c7_000555,1219b3c7,555,18.5,720,1280,📍مسجد السلطان حسن واحد من أعظم التحف المعمارية في تاريخ الإسلام (1).mp4,1219b3c7905182d8ac458ac03d6e6085926837d3d715dd518cdffd41a4badef3,مسجد_السلطان_حسن_واحد_من_أعظم_التحف_المع_1219b3c7_000555_18.50s.jpg,5bdaf4f2cf844e35458b97f16f7905b79b980382b82392823a76b25819abf0a8,EXTRACTED
1219b3c7_000570,1219b3c7,570,19.0,720,1280,📍مسجد السلطان حسن واحد من أعظم التحف المعمارية في تاريخ الإسلام (1).mp4,1219b3c7905182d8ac458ac03d6e6085926837d3d715dd518cdffd41a4badef3,مسجد_السلطان_حسن_واحد_من_أعظم_التحف_المع_1219b3c7_000570_19.00s.jpg,905b52323f18220aee1371846d951cfe755fa5e9c6ad58c77e5061e2180808aa,EXTRACTED
1219b3c7_000585,1219b3c7,585,19.5,720,1280,📍مسجد السلطان حسن واحد من أعظم التحف المعمارية في تاريخ الإسلام (1).mp4,1219b3c7905182d8ac458ac03d6e6085926837d3d715dd518cdffd41a4badef3,مسجد_السلطان_حسن_واحد_من_أعظم_التحف_المع_1219b3c7_000585_19.50s.jpg,346c88ddadf353c3622ba0786c752a38816b1b6a02d74ab5b99085e7a54ef395,EXTRACTED
1219b3c7_000600,1219b3c7,600,20.0,720,1280,📍مسجد السلطان حسن واحد من أعظم التحف المعمارية في تاريخ الإسلام (1).mp4,1219b3c7905182d8ac458ac03d6e6085926837d3d715dd518cdffd41a4badef3,مسجد_السلطان_حسن_واحد_من_أعظم_التحف_المع_1219b3c7_000600_20.00s.jpg,18dd099a1c8f351c6a56aa4482f3555ef0ce3e9177c55332a525d6eafb0284cd,EXTRACTED
1219b3c7_000615,1219b3c7,615,20.5,720,1280,📍مسجد السلطان حسن واحد من أعظم التحف المعمارية في تاريخ الإسلام (1).mp4,1219b3c7905182d8ac458ac03d6e6085926837d3d715dd518cdffd41a4badef3,مسجد_السلطان_حسن_واحد_من_أعظم_التحف_المع_1219b3c7_000615_20.50s.jpg,ffd4ad90e433b6cd6ed1500e69a1d4aa1bcccce33a09e17279f746394774912c,EXTRACTED
1219b3c7_000630,1219b3c7,630,21.0,720,1280,📍مسجد السلطان حسن واحد من أعظم التحف المعمارية في تاريخ الإسلام (1).mp4,1219b3c7905182d8ac458ac03d6e6085926837d3d715dd518cdffd41a4badef3,مسجد_السلطان_حسن_واحد_من_أعظم_التحف_المع_1219b3c7_000630_21.00s.jpg,8f1d34cc7ce03672c32ddc8d8b09d2ee6090da05555320a0f6ae1909ae966a12,EXTRACTED
1219b3c7_000645,1219b3c7,645,21.5,720,1280,📍مسجد السلطان حسن واحد من أعظم التحف المعمارية في تاريخ الإسلام (1).mp4,1219b3c7905182d8ac458ac03d6e6085926837d3d715dd518cdffd41a4badef3,مسجد_السلطان_حسن_واحد_من_أعظم_التحف_المع_1219b3c7_000645_21.50s.jpg,d2883d34ce3621a10d596a20298d076556ee99c3d68ff1ed6278d547182efb7c,EXTRACTED
1219b3c7_000660,1219b3c7,660,22.0,720,1280,📍مسجد السلطان حسن واحد من أعظم التحف المعمارية في تاريخ الإسلام (1).mp4,1219b3c7905182d8ac458ac03d6e6085926837d3d715dd518cdffd41a4badef3,مسجد_السلطان_حسن_واحد_من_أعظم_التحف_المع_1219b3c7_000660_22.00s.jpg,0eeb8db404b0305ca347991d18bba6005fcca72452d1be6900fb77f908291f91,EXTRACTED
1219b3c7_000675,1219b3c7,675,22.5,720,1280,📍مسجد السلطان حسن واحد من أعظم التحف المعمارية في تاريخ الإسلام (1).mp4,1219b3c7905182d8ac458ac03d6e6085926837d3d715dd518cdffd41a4badef3,مسجد_السلطان_حسن_واحد_من_أعظم_التحف_المع_1219b3c7_000675_22.50s.jpg,f2b25808a7077521294f22ad92093bf316d14eb7375859f769dd9c95a30cb35a,EXTRACTED
1219b3c7_000690,1219b3c7,690,23.0,720,1280,📍مسجد السلطان حسن واحد من أعظم التحف المعمارية في تاريخ الإسلام (1).mp4,1219b3c7905182d8ac458ac03d6e6085926837d3d715dd518cdffd41a4badef3,مسجد_السلطان_حسن_واحد_من_أعظم_التحف_المع_1219b3c7_000690_23.00s.jpg,76e5c6f1682037199cbc12dce522f5f9b5e3e8e46666cb41218e05833027f08e,EXTRACTED
1219b3c7_000705,1219b3c7,705,23.5,720,1280,📍مسجد السلطان حسن واحد من أعظم التحف المعمارية في تاريخ الإسلام (1).mp4,1219b3c7905182d8ac458ac03d6e6085926837d3d715dd518cdffd41a4badef3,مسجد_السلطان_حسن_واحد_من_أعظم_التحف_المع_1219b3c7_000705_23.50s.jpg,a996061c6356e876244ba5859d7d197ad0dc1a6142382a071854112daa88f5b7,EXTRACTED
1219b3c7_000720,1219b3c7,720,24.0,720,1280,📍مسجد السلطان حسن واحد من أعظم التحف المعمارية في تاريخ الإسلام (1).mp4,1219b3c7905182d8ac458ac03d6e6085926837d3d715dd518cdffd41a4badef3,مسجد_السلطان_حسن_واحد_من_أعظم_التحف_المع_1219b3c7_000720_24.00s.jpg,4fcec123570b1803b77512e8ed1ef8b0e34e7092c83cc4eb8eefdabf1216e2d5,EXTRACTED
1219b3c7_000735,1219b3c7,735,24.5,720,1280,📍مسجد السلطان حسن واحد من أعظم التحف المعمارية في تاريخ الإسلام (1).mp4,1219b3c7905182d8ac458ac03d6e6085926837d3d715dd518cdffd41a4badef3,مسجد_السلطان_حسن_واحد_من_أعظم_التحف_المع_1219b3c7_000735_24.50s.jpg,5127cd44ff97a58bf2fb17eb931c4fdaaa66f992c3391cc109418f5e064ac7d0,EXTRACTED
1219b3c7_000750,1219b3c7,750,25.0,720,1280,📍مسجد السلطان حسن واحد من أعظم التحف المعمارية في تاريخ الإسلام (1).mp4,1219b3c7905182d8ac458ac03d6e6085926837d3d715dd518cdffd41a4badef3,مسجد_السلطان_حسن_واحد_من_أعظم_التحف_المع_1219b3c7_000750_25.00s.jpg,ddd192a9413260c90d1bd7c3c4ce94594ba2ef7bbfdcabca70ff7584099c7690,EXTRACTED
1219b3c7_000765,1219b3c7,765,25.5,720,1280,📍مسجد السلطان حسن واحد من أعظم التحف المعمارية في تاريخ الإسلام (1).mp4,1219b3c7905182d8ac458ac03d6e6085926837d3d715dd518cdffd41a4badef3,مسجد_السلطان_حسن_واحد_من_أعظم_التحف_المع_1219b3c7_000765_25.50s.jpg,444dd41c2beff3ee2f40b7d7d24825e37b0e8e66ff2611ea79aca2b7f8beeec8,EXTRACTED
1219b3c7_000780,1219b3c7,780,26.0,720,1280,📍مسجد السلطان حسن واحد من أعظم التحف المعمارية في تاريخ الإسلام (1).mp4,1219b3c7905182d8ac458ac03d6e6085926837d3d715dd518cdffd41a4badef3,مسجد_السلطان_حسن_واحد_من_أعظم_التحف_المع_1219b3c7_000780_26.00s.jpg,e94d6e257af7d127a8971c5d812be3f33182b520d0941b95dd837c6d46d39c5e,EXTRACTED
1219b3c7_000795,1219b3c7,795,26.5,720,1280,📍مسجد السلطان حسن واحد من أعظم التحف المعمارية في تاريخ الإسلام (1).mp4,1219b3c7905182d8ac458ac03d6e6085926837d3d715dd518cdffd41a4badef3,مسجد_السلطان_حسن_واحد_من_أعظم_التحف_المع_1219b3c7_000795_26.50s.jpg,8521e23129c7258027e515dbf53862440c271883bade2c62c7e4d843ec5ae222,EXTRACTED
1219b3c7_000810,1219b3c7,810,27.0,720,1280,📍مسجد السلطان حسن واحد من أعظم التحف المعمارية في تاريخ الإسلام (1).mp4,1219b3c7905182d8ac458ac03d6e6085926837d3d715dd518cdffd41a4badef3,مسجد_السلطان_حسن_واحد_من_أعظم_التحف_المع_1219b3c7_000810_27.00s.jpg,58be95068ba943a6ddc36ed30ee5bc906c67adecac6528f10cffedde84f56eb4,EXTRACTED
1219b3c7_000825,1219b3c7,825,27.5,720,1280,📍مسجد السلطان حسن واحد من أعظم التحف المعمارية في تاريخ الإسلام (1).mp4,1219b3c7905182d8ac458ac03d6e6085926837d3d715dd518cdffd41a4badef3,مسجد_السلطان_حسن_واحد_من_أعظم_التحف_المع_1219b3c7_000825_27.50s.jpg,c9e4b3e60e6fc4b82d266daabbd967c4d4731215a67b52e217346491efb1751c,EXTRACTED
1219b3c7_000840,1219b3c7,840,28.0,720,1280,📍مسجد السلطان حسن واحد من أعظم التحف المعمارية في تاريخ الإسلام (1).mp4,1219b3c7905182d8ac458ac03d6e6085926837d3d715dd518cdffd41a4badef3,مسجد_السلطان_حسن_واحد_من_أعظم_التحف_المع_1219b3c7_000840_28.00s.jpg,9496a2387dba71f635054cb14e18c8f253979c4980509badd8e69846075b8c7c,EXTRACTED
1219b3c7_000855,1219b3c7,855,28.5,720,1280,📍مسجد السلطان حسن واحد من أعظم التحف المعمارية في تاريخ الإسلام (1).mp4,1219b3c7905182d8ac458ac03d6e6085926837d3d715dd518cdffd41a4badef3,مسجد_السلطان_حسن_واحد_من_أعظم_التحف_المع_1219b3c7_000855_28.50s.jpg,f92314d3664c24c8c0b543734aaca26eebc8c2e6755b2753ae2e21c989d69ea3,EXTRACTED
1219b3c7_000870,1219b3c7,870,29.0,720,1280,📍مسجد السلطان حسن واحد من أعظم التحف المعمارية في تاريخ الإسلام (1).mp4,1219b3c7905182d8ac458ac03d6e6085926837d3d715dd518cdffd41a4badef3,مسجد_السلطان_حسن_واحد_من_أعظم_التحف_المع_1219b3c7_000870_29.00s.jpg,17475b3c9565fc066bbb046edd5ed8569a0da3d4ebf34ca2221e12dce1c5574a,EXTRACTED
1219b3c7_000885,1219b3c7,885,29.5,720,1280,📍مسجد السلطان حسن واحد من أعظم التحف المعمارية في تاريخ الإسلام (1).mp4,1219b3c7905182d8ac458ac03d6e6085926837d3d715dd518cdffd41a4badef3,مسجد_السلطان_حسن_واحد_من_أعظم_التحف_المع_1219b3c7_000885_29.50s.jpg,17d750db529738bbee6fcab6c13958cc36f4e2e4d8eaf0f8e130daf5ff753d3d,EXTRACTED
1219b3c7_000900,1219b3c7,900,30.0,720,1280,📍مسجد السلطان حسن واحد من أعظم التحف المعمارية في تاريخ الإسلام (1).mp4,1219b3c7905182d8ac458ac03d6e6085926837d3d715dd518cdffd41a4badef3,مسجد_السلطان_حسن_واحد_من_أعظم_التحف_المع_1219b3c7_000900_30.00s.jpg,b5e957d392ec28dd02fc30773d00bd584ba5fe7fd18cb0a11c4c0501408c6684,EXTRACTED
1219b3c7_000915,1219b3c7,915,30.5,720,1280,📍مسجد السلطان حسن واحد من أعظم التحف المعمارية في تاريخ الإسلام (1).mp4,1219b3c7905182d8ac458ac03d6e6085926837d3d715dd518cdffd41a4badef3,مسجد_السلطان_حسن_واحد_من_أعظم_التحف_المع_1219b3c7_000915_30.50s.jpg,be36d06db8c71db3501a456174ff48e6281d6ca72a8d9c8d4c63480fdab2f64f,EXTRACTED
1219b3c7_000930,1219b3c7,930,31.0,720,1280,📍مسجد السلطان حسن واحد من أعظم التحف المعمارية في تاريخ الإسلام (1).mp4,1219b3c7905182d8ac458ac03d6e6085926837d3d715dd518cdffd41a4badef3,مسجد_السلطان_حسن_واحد_من_أعظم_التحف_المع_1219b3c7_000930_31.00s.jpg,97b50bed8d4333a8c69fa503898c55c8d72a4e43b6572153b5e8956c52b0aaf7,EXTRACTED
1219b3c7_000945,1219b3c7,945,31.5,720,1280,📍مسجد السلطان حسن واحد من أعظم التحف المعمارية في تاريخ الإسلام (1).mp4,1219b3c7905182d8ac458ac03d6e6085926837d3d715dd518cdffd41a4badef3,مسجد_السلطان_حسن_واحد_من_أعظم_التحف_المع_1219b3c7_000945_31.50s.jpg,24911abb21ebe9064f43b9bfd6c28dd0b810b8e7e8762cb7fcbaa35d0d4e884d,EXTRACTED
1219b3c7_000960,1219b3c7,960,32.0,720,1280,📍مسجد السلطان حسن واحد من أعظم التحف المعمارية في تاريخ الإسلام (1).mp4,1219b3c7905182d8ac458ac03d6e6085926837d3d715dd518cdffd41a4badef3,مسجد_السلطان_حسن_واحد_من_أعظم_التحف_المع_1219b3c7_000960_32.00s.jpg,67d7d369f77acce8e0041201caea83df24e057493800a8df5034476fec933015,EXTRACTED
1219b3c7_000975,1219b3c7,975,32.5,720,1280,📍مسجد السلطان حسن واحد من أعظم التحف المعمارية في تاريخ الإسلام (1).mp4,1219b3c7905182d8ac458ac03d6e6085926837d3d715dd518cdffd41a4badef3,مسجد_السلطان_حسن_واحد_من_أعظم_التحف_المع_1219b3c7_000975_32.50s.jpg,c5f1f0f95b15cb9dc6ebecc25647362c8dd3a91ab3afa4af1b007bfec4b8cf13,EXTRACTED
1219b3c7_000990,1219b3c7,990,33.0,720,1280,📍مسجد السلطان حسن واحد من أعظم التحف المعمارية في تاريخ الإسلام (1).mp4,1219b3c7905182d8ac458ac03d6e6085926837d3d715dd518cdffd41a4badef3,مسجد_السلطان_حسن_واحد_من_أعظم_التحف_المع_1219b3c7_000990_33.00s.jpg,d5149ebada5f3b31ec19bd512e8d267315cd8aa80fec55abcd542001eec246b5,EXTRACTED
1219b3c7_001005,1219b3c7,1005,33.5,720,1280,📍مسجد السلطان حسن واحد من أعظم التحف المعمارية في تاريخ الإسلام (1).mp4,1219b3c7905182d8ac458ac03d6e6085926837d3d715dd518cdffd41a4badef3,مسجد_السلطان_حسن_واحد_من_أعظم_التحف_المع_1219b3c7_001005_33.50s.jpg,3f9436577ad27767a2513a8fbbc5516c8bb5e2ec54e80e887b59949fe17aafac,EXTRACTED
1219b3c7_001020,1219b3c7,1020,34.0,720,1280,📍مسجد السلطان حسن واحد من أعظم التحف المعمارية في تاريخ الإسلام (1).mp4,1219b3c7905182d8ac458ac03d6e6085926837d3d715dd518cdffd41a4badef3,مسجد_السلطان_حسن_واحد_من_أعظم_التحف_المع_1219b3c7_001020_34.00s.jpg,69e06d12f1e5b3ceafd03bfcc608bf2d39cad3c2826d5b0c6f0317dc0599a3bf,EXTRACTED
1219b3c7_001035,1219b3c7,1035,34.5,720,1280,📍مسجد السلطان حسن واحد من أعظم التحف المعمارية في تاريخ الإسلام (1).mp4,1219b3c7905182d8ac458ac03d6e6085926837d3d715dd518cdffd41a4badef3,مسجد_السلطان_حسن_واحد_من_أعظم_التحف_المع_1219b3c7_001035_34.50s.jpg,aaf2be4efbb63afc780f64f3da68a77a6851a4a976980b316c583d396cc8c448,EXTRACTED
1219b3c7_001050,1219b3c7,1050,35.0,720,1280,📍مسجد السلطان حسن واحد من أعظم التحف المعمارية في تاريخ الإسلام (1).mp4,1219b3c7905182d8ac458ac03d6e6085926837d3d715dd518cdffd41a4badef3,مسجد_السلطان_حسن_واحد_من_أعظم_التحف_المع_1219b3c7_001050_35.00s.jpg,cb451b416462fafa84796e2c24c7d4ff8accf751d793be12cabc888c943b4157,EXTRACTED
1219b3c7_001065,1219b3c7,1065,35.5,720,1280,📍مسجد السلطان حسن واحد من أعظم التحف المعمارية في تاريخ الإسلام (1).mp4,1219b3c7905182d8ac458ac03d6e6085926837d3d715dd518cdffd41a4badef3,مسجد_السلطان_حسن_واحد_من_أعظم_التحف_المع_1219b3c7_001065_35.50s.jpg,f610fa7d6d80f932473143c5c0c57a07843fa430a01f2316dbd18b292efc4604,EXTRACTED
1219b3c7_001080,1219b3c7,1080,36.0,720,1280,📍مسجد السلطان حسن واحد من أعظم التحف المعمارية في تاريخ الإسلام (1).mp4,1219b3c7905182d8ac458ac03d6e6085926837d3d715dd518cdffd41a4badef3,مسجد_السلطان_حسن_واحد_من_أعظم_التحف_المع_1219b3c7_001080_36.00s.jpg,efcf2dcda81f3c6535e06f4ed7ec8e099e732d8df21adbbabd0ec544272642fc,EXTRACTED
1219b3c7_001095,1219b3c7,1095,36.5,720,1280,📍مسجد السلطان حسن واحد من أعظم التحف المعمارية في تاريخ الإسلام (1).mp4,1219b3c7905182d8ac458ac03d6e6085926837d3d715dd518cdffd41a4badef3,مسجد_السلطان_حسن_واحد_من_أعظم_التحف_المع_1219b3c7_001095_36.50s.jpg,432670aa249216581d425c1636b989b91c541d5132d0768e3befa3a84177416b,EXTRACTED
1219b3c7_001110,1219b3c7,1110,37.0,720,1280,📍مسجد السلطان حسن واحد من أعظم التحف المعمارية في تاريخ الإسلام (1).mp4,1219b3c7905182d8ac458ac03d6e6085926837d3d715dd518cdffd41a4badef3,مسجد_السلطان_حسن_واحد_من_أعظم_التحف_المع_1219b3c7_001110_37.00s.jpg,9e7db1849408dba62578ae8830b526275421580dd3cfd8724d5d87e69774901b,EXTRACTED
1219b3c7_001125,1219b3c7,1125,37.5,720,1280,📍مسجد السلطان حسن واحد من أعظم التحف المعمارية في تاريخ الإسلام (1).mp4,1219b3c7905182d8ac458ac03d6e6085926837d3d715dd518cdffd41a4badef3,مسجد_السلطان_حسن_واحد_من_أعظم_التحف_المع_1219b3c7_001125_37.50s.jpg,3c3db29ad53239d7eac639e939eaddf6668c068b1f6cb98a2f69d00f03d427cd,EXTRACTED
1219b3c7_001140,1219b3c7,1140,38.0,720,1280,📍مسجد السلطان حسن واحد من أعظم التحف المعمارية في تاريخ الإسلام (1).mp4,1219b3c7905182d8ac458ac03d6e6085926837d3d715dd518cdffd41a4badef3,مسجد_السلطان_حسن_واحد_من_أعظم_التحف_المع_1219b3c7_001140_38.00s.jpg,2fde2c51f822d3d62e09feff640c58e5ffdc07bafdf55f9c491d5926907dac9f,EXTRACTED
1219b3c7_001155,1219b3c7,1155,38.5,720,1280,📍مسجد السلطان حسن واحد من أعظم التحف المعمارية في تاريخ الإسلام (1).mp4,1219b3c7905182d8ac458ac03d6e6085926837d3d715dd518cdffd41a4badef3,مسجد_السلطان_حسن_واحد_من_أعظم_التحف_المع_1219b3c7_001155_38.50s.jpg,a1f1a5e4519bb5b473865e404a9f085dce741736940d1f65c32235f36b50a49d,EXTRACTED
1219b3c7_001170,1219b3c7,1170,39.0,720,1280,📍مسجد السلطان حسن واحد من أعظم التحف المعمارية في تاريخ الإسلام (1).mp4,1219b3c7905182d8ac458ac03d6e6085926837d3d715dd518cdffd41a4badef3,مسجد_السلطان_حسن_واحد_من_أعظم_التحف_المع_1219b3c7_001170_39.00s.jpg,6877011e8144dde75b09980eb17292fd3efa070ce78533069ab721a878bd3f97,EXTRACTED
1219b3c7_001185,1219b3c7,1185,39.5,720,1280,📍مسجد السلطان حسن واحد من أعظم التحف المعمارية في تاريخ الإسلام (1).mp4,1219b3c7905182d8ac458ac03d6e6085926837d3d715dd518cdffd41a4badef3,مسجد_السلطان_حسن_واحد_من_أعظم_التحف_المع_1219b3c7_001185_39.50s.jpg,85a7a6850801ea600f049a800ddd2ab0581dac351ce15e556a5174b20eb36178,EXTRACTED
1219b3c7_001200,1219b3c7,1200,40.0,720,1280,📍مسجد السلطان حسن واحد من أعظم التحف المعمارية في تاريخ الإسلام (1).mp4,1219b3c7905182d8ac458ac03d6e6085926837d3d715dd518cdffd41a4badef3,مسجد_السلطان_حسن_واحد_من_أعظم_التحف_المع_1219b3c7_001200_40.00s.jpg,bf287a86562e1dbd4bcf47a43c3fb15d02eff9f98db2d484f4ceb77d05b7ff96,EXTRACTED
1219b3c7_001215,1219b3c7,1215,40.5,720,1280,📍مسجد السلطان حسن واحد من أعظم التحف المعمارية في تاريخ الإسلام (1).mp4,1219b3c7905182d8ac458ac03d6e6085926837d3d715dd518cdffd41a4badef3,مسجد_السلطان_حسن_واحد_من_أعظم_التحف_المع_1219b3c7_001215_40.50s.jpg,26cd499de88861f496e3beda44b7dd553cf5ae4c130b1260c8488c6fbdfb40cc,EXTRACTED
1219b3c7_001230,1219b3c7,1230,41.0,720,1280,📍مسجد السلطان حسن واحد من أعظم التحف المعمارية في تاريخ الإسلام (1).mp4,1219b3c7905182d8ac458ac03d6e6085926837d3d715dd518cdffd41a4badef3,مسجد_السلطان_حسن_واحد_من_أعظم_التحف_المع_1219b3c7_001230_41.00s.jpg,bebb1f102d2ee556c0af8774b977f65aa271dcbc9c3b1798cd9846fc04bcddf1,EXTRACTED
1219b3c7_001245,1219b3c7,1245,41.5,720,1280,📍مسجد السلطان حسن واحد من أعظم التحف المعمارية في تاريخ الإسلام (1).mp4,1219b3c7905182d8ac458ac03d6e6085926837d3d715dd518cdffd41a4badef3,مسجد_السلطان_حسن_واحد_من_أعظم_التحف_المع_1219b3c7_001245_41.50s.jpg,0d062a546f116068c321d299863b92afdfe607d03bbeb18153aaeacfe8fe8a0d,EXTRACTED
1219b3c7_001260,1219b3c7,1260,42.0,720,1280,📍مسجد السلطان حسن واحد من أعظم التحف المعمارية في تاريخ الإسلام (1).mp4,1219b3c7905182d8ac458ac03d6e6085926837d3d715dd518cdffd41a4badef3,مسجد_السلطان_حسن_واحد_من_أعظم_التحف_المع_1219b3c7_001260_42.00s.jpg,c6d6382fc6bdb14db6e31f4e6b81cba83f910ff65817cd8df43c67913c4f1d5e,EXTRACTED
1219b3c7_001275,1219b3c7,1275,42.5,720,1280,📍مسجد السلطان حسن واحد من أعظم التحف المعمارية في تاريخ الإسلام (1).mp4,1219b3c7905182d8ac458ac03d6e6085926837d3d715dd518cdffd41a4badef3,مسجد_السلطان_حسن_واحد_من_أعظم_التحف_المع_1219b3c7_001275_42.50s.jpg,14da8feeed5d66a5277c66c7221d7cb268c48c83c2be273a0fde073e5227f2e7,EXTRACTED
1219b3c7_001290,1219b3c7,1290,43.0,720,1280,📍مسجد السلطان حسن واحد من أعظم التحف المعمارية في تاريخ الإسلام (1).mp4,1219b3c7905182d8ac458ac03d6e6085926837d3d715dd518cdffd41a4badef3,مسجد_السلطان_حسن_واحد_من_أعظم_التحف_المع_1219b3c7_001290_43.00s.jpg,7287155c9f94f8cf1a1f14f7d3316428630a319d33ff825c42a6570823664cab,EXTRACTED
1219b3c7_001305,1219b3c7,1305,43.5,720,1280,📍مسجد السلطان حسن واحد من أعظم التحف المعمارية في تاريخ الإسلام (1).mp4,1219b3c7905182d8ac458ac03d6e6085926837d3d715dd518cdffd41a4badef3,مسجد_السلطان_حسن_واحد_من_أعظم_التحف_المع_1219b3c7_001305_43.50s.jpg,93a0f30c5784e4603f45490db418ae7decaf157f40dc14ee054c95238bb142e6,EXTRACTED
1219b3c7_001320,1219b3c7,1320,44.0,720,1280,📍مسجد السلطان حسن واحد من أعظم التحف المعمارية في تاريخ الإسلام (1).mp4,1219b3c7905182d8ac458ac03d6e6085926837d3d715dd518cdffd41a4badef3,مسجد_السلطان_حسن_واحد_من_أعظم_التحف_المع_1219b3c7_001320_44.00s.jpg,78dac68e6194d38f1ea3af5f46299ec64d91ef596fcfbf7f3f076abd69aa122c,EXTRACTED
1219b3c7_001335,1219b3c7,1335,44.5,720,1280,📍مسجد السلطان حسن واحد من أعظم التحف المعمارية في تاريخ الإسلام (1).mp4,1219b3c7905182d8ac458ac03d6e6085926837d3d715dd518cdffd41a4badef3,مسجد_السلطان_حسن_واحد_من_أعظم_التحف_المع_1219b3c7_001335_44.50s.jpg,2b05d84345818c16f570f92c59b2c4f8e3de49cc54acab0f98981e9e16372f4a,EXTRACTED
1219b3c7_001350,1219b3c7,1350,45.0,720,1280,📍مسجد السلطان حسن واحد من أعظم التحف المعمارية في تاريخ الإسلام (1).mp4,1219b3c7905182d8ac458ac03d6e6085926837d3d715dd518cdffd41a4badef3,مسجد_السلطان_حسن_واحد_من_أعظم_التحف_المع_1219b3c7_001350_45.00s.jpg,16c03b075255af3585e99a0ed8774f1d7525191da3b2509036df9c498ddd6c2e,EXTRACTED
1219b3c7_001365,1219b3c7,1365,45.5,720,1280,📍مسجد السلطان حسن واحد من أعظم التحف المعمارية في تاريخ الإسلام (1).mp4,1219b3c7905182d8ac458ac03d6e6085926837d3d715dd518cdffd41a4badef3,مسجد_السلطان_حسن_واحد_من_أعظم_التحف_المع_1219b3c7_001365_45.50s.jpg,d5ccec959db0bd01b0b11c5c8f09bd8189607f9be4331e9192778c5c47af575e,EXTRACTED
1219b3c7_001380,1219b3c7,1380,46.0,720,1280,📍مسجد السلطان حسن واحد من أعظم التحف المعمارية في تاريخ الإسلام (1).mp4,1219b3c7905182d8ac458ac03d6e6085926837d3d715dd518cdffd41a4badef3,مسجد_السلطان_حسن_واحد_من_أعظم_التحف_المع_1219b3c7_001380_46.00s.jpg,9764286a7c0bda875bb4ab0e73e8c999c1221f933b93273dd4df6b2fb6b4dfeb,EXTRACTED
1219b3c7_001395,1219b3c7,1395,46.5,720,1280,📍مسجد السلطان حسن واحد من أعظم التحف المعمارية في تاريخ الإسلام (1).mp4,1219b3c7905182d8ac458ac03d6e6085926837d3d715dd518cdffd41a4badef3,مسجد_السلطان_حسن_واحد_من_أعظم_التحف_المع_1219b3c7_001395_46.50s.jpg,554a4b6b14540324ec2a765f118d066c6d3e332ffe4c8207ea327949a598f26e,EXTRACTED
1219b3c7_001410,1219b3c7,1410,47.0,720,1280,📍مسجد السلطان حسن واحد من أعظم التحف المعمارية في تاريخ الإسلام (1).mp4,1219b3c7905182d8ac458ac03d6e6085926837d3d715dd518cdffd41a4badef3,مسجد_السلطان_حسن_واحد_من_أعظم_التحف_المع_1219b3c7_001410_47.00s.jpg,60663c7c7e96a09d51230575ffeea721ef25a5142d1790eddde55315c29170e9,EXTRACTED
1219b3c7_001425,1219b3c7,1425,47.5,720,1280,📍مسجد السلطان حسن واحد من أعظم التحف المعمارية في تاريخ الإسلام (1).mp4,1219b3c7905182d8ac458ac03d6e6085926837d3d715dd518cdffd41a4badef3,مسجد_السلطان_حسن_واحد_من_أعظم_التحف_المع_1219b3c7_001425_47.50s.jpg,bc5453f1ef10f9ffa187c3e50c1d336ba9f1eef031d1ec9e95b4e4b96a7a2a46,EXTRACTED
1219b3c7_001440,1219b3c7,1440,48.0,720,1280,📍مسجد السلطان حسن واحد من أعظم التحف المعمارية في تاريخ الإسلام (1).mp4,1219b3c7905182d8ac458ac03d6e6085926837d3d715dd518cdffd41a4badef3,مسجد_السلطان_حسن_واحد_من_أعظم_التحف_المع_1219b3c7_001440_48.00s.jpg,4ed80d5dfe3ad06e50bb3dc9c0925f5b35db9e4dbd6bca012ea7d514066acdeb,EXTRACTED
1219b3c7_001455,1219b3c7,1455,48.5,720,1280,📍مسجد السلطان حسن واحد من أعظم التحف المعمارية في تاريخ الإسلام (1).mp4,1219b3c7905182d8ac458ac03d6e6085926837d3d715dd518cdffd41a4badef3,مسجد_السلطان_حسن_واحد_من_أعظم_التحف_المع_1219b3c7_001455_48.50s.jpg,3f1e966a49ba47b4fe7ac2d0da721d070ef48a164d7b90b5549e5a71a9977e8b,EXTRACTED
1219b3c7_001470,1219b3c7,1470,49.0,720,1280,📍مسجد السلطان حسن واحد من أعظم التحف المعمارية في تاريخ الإسلام (1).mp4,1219b3c7905182d8ac458ac03d6e6085926837d3d715dd518cdffd41a4badef3,مسجد_السلطان_حسن_واحد_من_أعظم_التحف_المع_1219b3c7_001470_49.00s.jpg,65674d86dccad52eef58b66edf9b49b78f8cfc50a06e1363e4e445400141c5b9,EXTRACTED
1219b3c7_001485,1219b3c7,1485,49.5,720,1280,📍مسجد السلطان حسن واحد من أعظم التحف المعمارية في تاريخ الإسلام (1).mp4,1219b3c7905182d8ac458ac03d6e6085926837d3d715dd518cdffd41a4badef3,مسجد_السلطان_حسن_واحد_من_أعظم_التحف_المع_1219b3c7_001485_49.50s.jpg,687d20871424fe0b0fd13d806a4d178c7ee8a0f2059893f17cc18208c85b512d,EXTRACTED
1219b3c7_001500,1219b3c7,1500,50.0,720,1280,📍مسجد السلطان حسن واحد من أعظم التحف المعمارية في تاريخ الإسلام (1).mp4,1219b3c7905182d8ac458ac03d6e6085926837d3d715dd518cdffd41a4badef3,مسجد_السلطان_حسن_واحد_من_أعظم_التحف_المع_1219b3c7_001500_50.00s.jpg,9a83390e883fd79c70b812d90a9f8e61a95a872a7f3c3581c4ec564eb4225dd8,EXTRACTED
1219b3c7_001515,1219b3c7,1515,50.5,720,1280,📍مسجد السلطان حسن واحد من أعظم التحف المعمارية في تاريخ الإسلام (1).mp4,1219b3c7905182d8ac458ac03d6e6085926837d3d715dd518cdffd41a4badef3,مسجد_السلطان_حسن_واحد_من_أعظم_التحف_المع_1219b3c7_001515_50.50s.jpg,5f222805e207dc207de1f4a6a024da5e23a623994eb04af76782d66b6c4141ab,EXTRACTED
1219b3c7_001530,1219b3c7,1530,51.0,720,1280,📍مسجد السلطان حسن واحد من أعظم التحف المعمارية في تاريخ الإسلام (1).mp4,1219b3c7905182d8ac458ac03d6e6085926837d3d715dd518cdffd41a4badef3,مسجد_السلطان_حسن_واحد_من_أعظم_التحف_المع_1219b3c7_001530_51.00s.jpg,bbcacae6a19a89e69f0c299d2b2faecf593106c23ddd7bc48fb156a817206196,EXTRACTED
1219b3c7_001545,1219b3c7,1545,51.5,720,1280,📍مسجد السلطان حسن واحد من أعظم التحف المعمارية في تاريخ الإسلام (1).mp4,1219b3c7905182d8ac458ac03d6e6085926837d3d715dd518cdffd41a4badef3,مسجد_السلطان_حسن_واحد_من_أعظم_التحف_المع_1219b3c7_001545_51.50s.jpg,62d0170b3f57bb0ba827574050792f55c279bab737b20c94ca2c90993cb6731b,EXTRACTED
1219b3c7_001560,1219b3c7,1560,52.0,720,1280,📍مسجد السلطان حسن واحد من أعظم التحف المعمارية في تاريخ الإسلام (1).mp4,1219b3c7905182d8ac458ac03d6e6085926837d3d715dd518cdffd41a4badef3,مسجد_السلطان_حسن_واحد_من_أعظم_التحف_المع_1219b3c7_001560_52.00s.jpg,ee58019b6b345aece35531ac4959a58b8eca225f05284a7cccfe833a8ced6f2c,EXTRACTED
1219b3c7_001575,1219b3c7,1575,52.5,720,1280,📍مسجد السلطان حسن واحد من أعظم التحف المعمارية في تاريخ الإسلام (1).mp4,1219b3c7905182d8ac458ac03d6e6085926837d3d715dd518cdffd41a4badef3,مسجد_السلطان_حسن_واحد_من_أعظم_التحف_المع_1219b3c7_001575_52.50s.jpg,563ddf1a9c6289cf9e2ef9855a0dcee29cf11cfa317aace6fdea909dc5cebc32,EXTRACTED
1219b3c7_001590,1219b3c7,1590,53.0,720,1280,📍مسجد السلطان حسن واحد من أعظم التحف المعمارية في تاريخ الإسلام (1).mp4,1219b3c7905182d8ac458ac03d6e6085926837d3d715dd518cdffd41a4badef3,مسجد_السلطان_حسن_واحد_من_أعظم_التحف_المع_1219b3c7_001590_53.00s.jpg,2b6dd3436f94578438dce4a751a8d211d79d84b039e7387ad631e6c0671b6c79,EXTRACTED
1219b3c7_001605,1219b3c7,1605,53.5,720,1280,📍مسجد السلطان حسن واحد من أعظم التحف المعمارية في تاريخ الإسلام (1).mp4,1219b3c7905182d8ac458ac03d6e6085926837d3d715dd518cdffd41a4badef3,مسجد_السلطان_حسن_واحد_من_أعظم_التحف_المع_1219b3c7_001605_53.50s.jpg,39465f784d3694a5a06c211aeaa28a2e13cf7a8c1175d620068748834c9819cf,EXTRACTED
1219b3c7_001620,1219b3c7,1620,54.0,720,1280,📍مسجد السلطان حسن واحد من أعظم التحف المعمارية في تاريخ الإسلام (1).mp4,1219b3c7905182d8ac458ac03d6e6085926837d3d715dd518cdffd41a4badef3,مسجد_السلطان_حسن_واحد_من_أعظم_التحف_المع_1219b3c7_001620_54.00s.jpg,d03556f2c284ae1dbefd79c79543f9827a2e19dc761c734fa950e9a3392aef63,EXTRACTED
1219b3c7_001635,1219b3c7,1635,54.5,720,1280,📍مسجد السلطان حسن واحد من أعظم التحف المعمارية في تاريخ الإسلام (1).mp4,1219b3c7905182d8ac458ac03d6e6085926837d3d715dd518cdffd41a4badef3,مسجد_السلطان_حسن_واحد_من_أعظم_التحف_المع_1219b3c7_001635_54.50s.jpg,2f5b70415e8dad45c74b914396bda9d520aeb1c1670bb36679eae4bf8814e8f6,EXTRACTED
1219b3c7_001650,1219b3c7,1650,55.0,720,1280,📍مسجد السلطان حسن واحد من أعظم التحف المعمارية في تاريخ الإسلام (1).mp4,1219b3c7905182d8ac458ac03d6e6085926837d3d715dd518cdffd41a4badef3,مسجد_السلطان_حسن_واحد_من_أعظم_التحف_المع_1219b3c7_001650_55.00s.jpg,ca979c3e544bcd4b5929e6b4a8ccb2c73ea8733f862d22d926d9383bed3c36ed,EXTRACTED
1219b3c7_001665,1219b3c7,1665,55.5,720,1280,📍مسجد السلطان حسن واحد من أعظم التحف المعمارية في تاريخ الإسلام (1).mp4,1219b3c7905182d8ac458ac03d6e6085926837d3d715dd518cdffd41a4badef3,مسجد_السلطان_حسن_واحد_من_أعظم_التحف_المع_1219b3c7_001665_55.50s.jpg,cad539c0c09d15c33c8501f0fed899511628dba3c52bf778110e06c5db9b7691,EXTRACTED
1219b3c7_001680,1219b3c7,1680,56.0,720,1280,📍مسجد السلطان حسن واحد من أعظم التحف المعمارية في تاريخ الإسلام (1).mp4,1219b3c7905182d8ac458ac03d6e6085926837d3d715dd518cdffd41a4badef3,مسجد_السلطان_حسن_واحد_من_أعظم_التحف_المع_1219b3c7_001680_56.00s.jpg,c3f55e0bab81384600281528ed3c2d464fc2e8f6e6e9219e4cbc3cacafefb16a,EXTRACTED
1219b3c7_001695,1219b3c7,1695,56.5,720,1280,📍مسجد السلطان حسن واحد من أعظم التحف المعمارية في تاريخ الإسلام (1).mp4,1219b3c7905182d8ac458ac03d6e6085926837d3d715dd518cdffd41a4badef3,مسجد_السلطان_حسن_واحد_من_أعظم_التحف_المع_1219b3c7_001695_56.50s.jpg,483cfa00d0633ae05f44fbf178b90e03ca0a7240471c20995fc426fc164a9a9f,EXTRACTED
1219b3c7_001710,1219b3c7,1710,57.0,720,1280,📍مسجد السلطان حسن واحد من أعظم التحف المعمارية في تاريخ الإسلام (1).mp4,1219b3c7905182d8ac458ac03d6e6085926837d3d715dd518cdffd41a4badef3,مسجد_السلطان_حسن_واحد_من_أعظم_التحف_المع_1219b3c7_001710_57.00s.jpg,f26eb3293ea70a86f43bf335e32b2c1f7bc04bba4e366276c8bf704293209edd,EXTRACTED
1219b3c7_001725,1219b3c7,1725,57.5,720,1280,📍مسجد السلطان حسن واحد من أعظم التحف المعمارية في تاريخ الإسلام (1).mp4,1219b3c7905182d8ac458ac03d6e6085926837d3d715dd518cdffd41a4badef3,مسجد_السلطان_حسن_واحد_من_أعظم_التحف_المع_1219b3c7_001725_57.50s.jpg,49762bbe5ba3a29519a6dc0047a24cbdab5091e1b476ebd5a4cf5871b17ec0d2,EXTRACTED
1219b3c7_001740,1219b3c7,1740,58.0,720,1280,📍مسجد السلطان حسن واحد من أعظم التحف المعمارية في تاريخ الإسلام (1).mp4,1219b3c7905182d8ac458ac03d6e6085926837d3d715dd518cdffd41a4badef3,مسجد_السلطان_حسن_واحد_من_أعظم_التحف_المع_1219b3c7_001740_58.00s.jpg,e890ae812e9b4666a94ee5b52a4331e074dc02508d0c4ff0018d042ca677c6cb,EXTRACTED
1219b3c7_001755,1219b3c7,1755,58.5,720,1280,📍مسجد السلطان حسن واحد من أعظم التحف المعمارية في تاريخ الإسلام (1).mp4,1219b3c7905182d8ac458ac03d6e6085926837d3d715dd518cdffd41a4badef3,مسجد_السلطان_حسن_واحد_من_أعظم_التحف_المع_1219b3c7_001755_58.50s.jpg,6534fcb5845a0bd4ae934dc3eb66c01b81954c765cd6bee6de5eb9286f1267dc,EXTRACTED
1219b3c7_001770,1219b3c7,1770,59.0,720,1280,📍مسجد السلطان حسن واحد من أعظم التحف المعمارية في تاريخ الإسلام (1).mp4,1219b3c7905182d8ac458ac03d6e6085926837d3d715dd518cdffd41a4badef3,مسجد_السلطان_حسن_واحد_من_أعظم_التحف_المع_1219b3c7_001770_59.00s.jpg,c9c15c26d675be27f3ff50df09bf2dbae919f61aefe07075c9f145b46799c9ff,EXTRACTED
1219b3c7_001785,1219b3c7,1785,59.5,720,1280,📍مسجد السلطان حسن واحد من أعظم التحف المعمارية في تاريخ الإسلام (1).mp4,1219b3c7905182d8ac458ac03d6e6085926837d3d715dd518cdffd41a4badef3,مسجد_السلطان_حسن_واحد_من_أعظم_التحف_المع_1219b3c7_001785_59.50s.jpg,9f5b2994066ed73694108a8f70cea5e8ae100feee4a74e437c992b090fe01ce0,EXTRACTED
1219b3c7_001800,1219b3c7,1800,60.0,720,1280,📍مسجد السلطان حسن واحد من أعظم التحف المعمارية في تاريخ الإسلام (1).mp4,1219b3c7905182d8ac458ac03d6e6085926837d3d715dd518cdffd41a4badef3,مسجد_السلطان_حسن_واحد_من_أعظم_التحف_المع_1219b3c7_001800_60.00s.jpg,13c7cfa3f3a1223f26ee584bd56f3e73ff8bc792ca437a91e033131145f2fcba,EXTRACTED
1219b3c7_001815,1219b3c7,1815,60.5,720,1280,📍مسجد السلطان حسن واحد من أعظم التحف المعمارية في تاريخ الإسلام (1).mp4,1219b3c7905182d8ac458ac03d6e6085926837d3d715dd518cdffd41a4badef3,مسجد_السلطان_حسن_واحد_من_أعظم_التحف_المع_1219b3c7_001815_60.50s.jpg,e665f3aa3dfa3ea9a63d50755f019db7bda7cd97e4ffbba1f4e2e9633bccd38b,EXTRACTED
1219b3c7_001830,1219b3c7,1830,61.0,720,1280,📍مسجد السلطان حسن واحد من أعظم التحف المعمارية في تاريخ الإسلام (1).mp4,1219b3c7905182d8ac458ac03d6e6085926837d3d715dd518cdffd41a4badef3,مسجد_السلطان_حسن_واحد_من_أعظم_التحف_المع_1219b3c7_001830_61.00s.jpg,fdec99bf1cf76ffab168ead1821554f0616f1bc12aee629abea823f39b44eb74,EXTRACTED
1219b3c7_001845,1219b3c7,1845,61.5,720,1280,📍مسجد السلطان حسن واحد من أعظم التحف المعمارية في تاريخ الإسلام (1).mp4,1219b3c7905182d8ac458ac03d6e6085926837d3d715dd518cdffd41a4badef3,مسجد_السلطان_حسن_واحد_من_أعظم_التحف_المع_1219b3c7_001845_61.50s.jpg,8c4565f3dcf81bfddfabcd3d84269b9dbcbb60a5e5fc05a7dc0dc54415a4ed9f,EXTRACTED
1219b3c7_001860,1219b3c7,1860,62.0,720,1280,📍مسجد السلطان حسن واحد من أعظم التحف المعمارية في تاريخ الإسلام (1).mp4,1219b3c7905182d8ac458ac03d6e6085926837d3d715dd518cdffd41a4badef3,مسجد_السلطان_حسن_واحد_من_أعظم_التحف_المع_1219b3c7_001860_62.00s.jpg,a520ef409001328322f7fc23a4a2c9a394e3018381cbb60859a51c864c3d7bfc,EXTRACTED
1219b3c7_001875,1219b3c7,1875,62.5,720,1280,📍مسجد السلطان حسن واحد من أعظم التحف المعمارية في تاريخ الإسلام (1).mp4,1219b3c7905182d8ac458ac03d6e6085926837d3d715dd518cdffd41a4badef3,مسجد_السلطان_حسن_واحد_من_أعظم_التحف_المع_1219b3c7_001875_62.50s.jpg,516e7613ed3c9a297d69567fcd235630b937c1860808750aceeb9692633097ff,EXTRACTED
1219b3c7_001890,1219b3c7,1890,63.0,720,1280,📍مسجد السلطان حسن واحد من أعظم التحف المعمارية في تاريخ الإسلام (1).mp4,1219b3c7905182d8ac458ac03d6e6085926837d3d715dd518cdffd41a4badef3,مسجد_السلطان_حسن_واحد_من_أعظم_التحف_المع_1219b3c7_001890_63.00s.jpg,e1449e7327b97c9b4c67dfe567f8456a4c12ddc0221824de31e1627e0872f208,EXTRACTED
1219b3c7_001905,1219b3c7,1905,63.5,720,1280,📍مسجد السلطان حسن واحد من أعظم التحف المعمارية في تاريخ الإسلام (1).mp4,1219b3c7905182d8ac458ac03d6e6085926837d3d715dd518cdffd41a4badef3,مسجد_السلطان_حسن_واحد_من_أعظم_التحف_المع_1219b3c7_001905_63.50s.jpg,f286f53b29a29177ff225d56ebf135ca027a56eff3a10b25d8717995f60db2ba,EXTRACTED
1219b3c7_001920,1219b3c7,1920,64.0,720,1280,📍مسجد السلطان حسن واحد من أعظم التحف المعمارية في تاريخ الإسلام (1).mp4,1219b3c7905182d8ac458ac03d6e6085926837d3d715dd518cdffd41a4badef3,مسجد_السلطان_حسن_واحد_من_أعظم_التحف_المع_1219b3c7_001920_64.00s.jpg,269cbdd85e5df2a27dcdaff14f8d707f1fb1abd91cfd1c149a960af24a702e10,EXTRACTED
1219b3c7_001935,1219b3c7,1935,64.5,720,1280,📍مسجد السلطان حسن واحد من أعظم التحف المعمارية في تاريخ الإسلام (1).mp4,1219b3c7905182d8ac458ac03d6e6085926837d3d715dd518cdffd41a4badef3,مسجد_السلطان_حسن_واحد_من_أعظم_التحف_المع_1219b3c7_001935_64.50s.jpg,11c95e62caa99183b8ff3a5112f5f4689d74fa5e925186dccbd91d070a5d7b15,EXTRACTED
1219b3c7_001950,1219b3c7,1950,65.0,720,1280,📍مسجد السلطان حسن واحد من أعظم التحف المعمارية في تاريخ الإسلام (1).mp4,1219b3c7905182d8ac458ac03d6e6085926837d3d715dd518cdffd41a4badef3,مسجد_السلطان_حسن_واحد_من_أعظم_التحف_المع_1219b3c7_001950_65.00s.jpg,d48eae82543f78e10e2e3d0eaeda0b47d7b0d842779ab4f8ae8c2404afb3b889,EXTRACTED
1219b3c7_001965,1219b3c7,1965,65.5,720,1280,📍مسجد السلطان حسن واحد من أعظم التحف المعمارية في تاريخ الإسلام (1).mp4,1219b3c7905182d8ac458ac03d6e6085926837d3d715dd518cdffd41a4badef3,مسجد_السلطان_حسن_واحد_من_أعظم_التحف_المع_1219b3c7_001965_65.50s.jpg,285951a63428fcb58616ffd2840ff0b453a284229d63f2dbf6d1f1361271d98f,EXTRACTED
1219b3c7_001980,1219b3c7,1980,66.0,720,1280,📍مسجد السلطان حسن واحد من أعظم التحف المعمارية في تاريخ الإسلام (1).mp4,1219b3c7905182d8ac458ac03d6e6085926837d3d715dd518cdffd41a4badef3,مسجد_السلطان_حسن_واحد_من_أعظم_التحف_المع_1219b3c7_001980_66.00s.jpg,648142969a3f82f39bbc68ada1489f2486f2aebda4ca4260cb92d6a3baa63a5a,EXTRACTED
1219b3c7_001995,1219b3c7,1995,66.5,720,1280,📍مسجد السلطان حسن واحد من أعظم التحف المعمارية في تاريخ الإسلام (1).mp4,1219b3c7905182d8ac458ac03d6e6085926837d3d715dd518cdffd41a4badef3,مسجد_السلطان_حسن_واحد_من_أعظم_التحف_المع_1219b3c7_001995_66.50s.jpg,9c7f97c3e26508c9dbc7dca06a27e542b965ee6e1099df2c1db1ecfc1f0dc442,EXTRACTED
1219b3c7_002010,1219b3c7,2010,67.0,720,1280,📍مسجد السلطان حسن واحد من أعظم التحف المعمارية في تاريخ الإسلام (1).mp4,1219b3c7905182d8ac458ac03d6e6085926837d3d715dd518cdffd41a4badef3,مسجد_السلطان_حسن_واحد_من_أعظم_التحف_المع_1219b3c7_002010_67.00s.jpg,19fb796fdbe3b8240e89d7753a4a1577b402f6e4352278a583382344f60c84f9,EXTRACTED
1219b3c7_002025,1219b3c7,2025,67.5,720,1280,📍مسجد السلطان حسن واحد من أعظم التحف المعمارية في تاريخ الإسلام (1).mp4,1219b3c7905182d8ac458ac03d6e6085926837d3d715dd518cdffd41a4badef3,مسجد_السلطان_حسن_واحد_من_أعظم_التحف_المع_1219b3c7_002025_67.50s.jpg,af49a2220fb538fedc008cce7c9f1b6be8f997d115e86d4287cf481209df4c8e,EXTRACTED
1219b3c7_002040,1219b3c7,2040,68.0,720,1280,📍مسجد السلطان حسن واحد من أعظم التحف المعمارية في تاريخ الإسلام (1).mp4,1219b3c7905182d8ac458ac03d6e6085926837d3d715dd518cdffd41a4badef3,مسجد_السلطان_حسن_واحد_من_أعظم_التحف_المع_1219b3c7_002040_68.00s.jpg,c0bba9999fcba4d7ef044c7b5f44dd85aea98933a6520f013191295ed68629ed,EXTRACTED
1219b3c7_002055,1219b3c7,2055,68.5,720,1280,📍مسجد السلطان حسن واحد من أعظم التحف المعمارية في تاريخ الإسلام (1).mp4,1219b3c7905182d8ac458ac03d6e6085926837d3d715dd518cdffd41a4badef3,مسجد_السلطان_حسن_واحد_من_أعظم_التحف_المع_1219b3c7_002055_68.50s.jpg,2188ba48fd3edd3ceef18e1430f2bce6e1777bb099093456d45ff8955addea92,EXTRACTED
1219b3c7_002070,1219b3c7,2070,69.0,720,1280,📍مسجد السلطان حسن واحد من أعظم التحف المعمارية في تاريخ الإسلام (1).mp4,1219b3c7905182d8ac458ac03d6e6085926837d3d715dd518cdffd41a4badef3,مسجد_السلطان_حسن_واحد_من_أعظم_التحف_المع_1219b3c7_002070_69.00s.jpg,b474f0704f025f33c653bd888e2afd475236b197e06ad946c876d22a76b7e496,EXTRACTED
1219b3c7_002085,1219b3c7,2085,69.5,720,1280,📍مسجد السلطان حسن واحد من أعظم التحف المعمارية في تاريخ الإسلام (1).mp4,1219b3c7905182d8ac458ac03d6e6085926837d3d715dd518cdffd41a4badef3,مسجد_السلطان_حسن_واحد_من_أعظم_التحف_المع_1219b3c7_002085_69.50s.jpg,e9e53bcec1aeb44306c11bf113dd1f6877968146368156fd2d4b3c9aa7020643,EXTRACTED
1219b3c7_002100,1219b3c7,2100,70.0,720,1280,📍مسجد السلطان حسن واحد من أعظم التحف المعمارية في تاريخ الإسلام (1).mp4,1219b3c7905182d8ac458ac03d6e6085926837d3d715dd518cdffd41a4badef3,مسجد_السلطان_حسن_واحد_من_أعظم_التحف_المع_1219b3c7_002100_70.00s.jpg,fb6f02f3cb6dc9822ac5139ae63069bedd0cdedb4f7924568ec3cb764791a842,EXTRACTED
1219b3c7_002115,1219b3c7,2115,70.5,720,1280,📍مسجد السلطان حسن واحد من أعظم التحف المعمارية في تاريخ الإسلام (1).mp4,1219b3c7905182d8ac458ac03d6e6085926837d3d715dd518cdffd41a4badef3,مسجد_السلطان_حسن_واحد_من_أعظم_التحف_المع_1219b3c7_002115_70.50s.jpg,d4bc9e143464dc587c1ed7a9d5a2ce2db449122bc800393e42d020fec0feadcf,EXTRACTED
1219b3c7_002130,1219b3c7,2130,71.0,720,1280,📍مسجد السلطان حسن واحد من أعظم التحف المعمارية في تاريخ الإسلام (1).mp4,1219b3c7905182d8ac458ac03d6e6085926837d3d715dd518cdffd41a4badef3,مسجد_السلطان_حسن_واحد_من_أعظم_التحف_المع_1219b3c7_002130_71.00s.jpg,7f2cf7c62eebcf02423949aab76632b2f561ba2de2a1cd2fde164b85f2e04308,EXTRACTED
1219b3c7_002145,1219b3c7,2145,71.5,720,1280,📍مسجد السلطان حسن واحد من أعظم التحف المعمارية في تاريخ الإسلام (1).mp4,1219b3c7905182d8ac458ac03d6e6085926837d3d715dd518cdffd41a4badef3,مسجد_السلطان_حسن_واحد_من_أعظم_التحف_المع_1219b3c7_002145_71.50s.jpg,7866ca30b617ec63f3fbcfada5e1ffde4b25c8c7957cd0116ddaf401ac1bb89a,EXTRACTED
1219b3c7_002160,1219b3c7,2160,72.0,720,1280,📍مسجد السلطان حسن واحد من أعظم التحف المعمارية في تاريخ الإسلام (1).mp4,1219b3c7905182d8ac458ac03d6e6085926837d3d715dd518cdffd41a4badef3,مسجد_السلطان_حسن_واحد_من_أعظم_التحف_المع_1219b3c7_002160_72.00s.jpg,68c819ecf02ffe337627304251c1d187540df7b38138c3c168eecb923034db75,EXTRACTED
1219b3c7_002175,1219b3c7,2175,72.5,720,1280,📍مسجد السلطان حسن واحد من أعظم التحف المعمارية في تاريخ الإسلام (1).mp4,1219b3c7905182d8ac458ac03d6e6085926837d3d715dd518cdffd41a4badef3,مسجد_السلطان_حسن_واحد_من_أعظم_التحف_المع_1219b3c7_002175_72.50s.jpg,6f8470bd32ff03ba82c0d6874ceb2db74e5c98a0f611463ddffe16c9d366525b,EXTRACTED
1219b3c7_002190,1219b3c7,2190,73.0,720,1280,📍مسجد السلطان حسن واحد من أعظم التحف المعمارية في تاريخ الإسلام (1).mp4,1219b3c7905182d8ac458ac03d6e6085926837d3d715dd518cdffd41a4badef3,مسجد_السلطان_حسن_واحد_من_أعظم_التحف_المع_1219b3c7_002190_73.00s.jpg,c3bd9fbcf4f22f348adbfb2425458e4bd789644cc405c7bd397491bf4fd16512,EXTRACTED
1219b3c7_002205,1219b3c7,2205,73.5,720,1280,📍مسجد السلطان حسن واحد من أعظم التحف المعمارية في تاريخ الإسلام (1).mp4,1219b3c7905182d8ac458ac03d6e6085926837d3d715dd518cdffd41a4badef3,مسجد_السلطان_حسن_واحد_من_أعظم_التحف_المع_1219b3c7_002205_73.50s.jpg,a64f42c58974656262da03dcecd01320c6ae757313b07af4b4b2f162c3135508,EXTRACTED
1219b3c7_002220,1219b3c7,2220,74.0,720,1280,📍مسجد السلطان حسن واحد من أعظم التحف المعمارية في تاريخ الإسلام (1).mp4,1219b3c7905182d8ac458ac03d6e6085926837d3d715dd518cdffd41a4badef3,مسجد_السلطان_حسن_واحد_من_أعظم_التحف_المع_1219b3c7_002220_74.00s.jpg,aee404356fc0ec3b55581d08a07784214cd0ee240725e8c6a202e192c9075957,EXTRACTED
1219b3c7_002235,1219b3c7,2235,74.5,720,1280,📍مسجد السلطان حسن واحد من أعظم التحف المعمارية في تاريخ الإسلام (1).mp4,1219b3c7905182d8ac458ac03d6e6085926837d3d715dd518cdffd41a4badef3,مسجد_السلطان_حسن_واحد_من_أعظم_التحف_المع_1219b3c7_002235_74.50s.jpg,8891f38d93af294a2df8cb84693b33d90ffdea4812f1ff99fc690732b0392f13,EXTRACTED
1219b3c7_002250,1219b3c7,2250,75.0,720,1280,📍مسجد السلطان حسن واحد من أعظم التحف المعمارية في تاريخ الإسلام (1).mp4,1219b3c7905182d8ac458ac03d6e6085926837d3d715dd518cdffd41a4badef3,مسجد_السلطان_حسن_واحد_من_أعظم_التحف_المع_1219b3c7_002250_75.00s.jpg,22bd9485d4644afdf069f2e15cee0d31b45bdf2589c6b4520ca4f3850db71e13,EXTRACTED
1219b3c7_002265,1219b3c7,2265,75.5,720,1280,📍مسجد السلطان حسن واحد من أعظم التحف المعمارية في تاريخ الإسلام (1).mp4,1219b3c7905182d8ac458ac03d6e6085926837d3d715dd518cdffd41a4badef3,مسجد_السلطان_حسن_واحد_من_أعظم_التحف_المع_1219b3c7_002265_75.50s.jpg,51c434e4679229f4689363a7a55bd82cdb58f2c8059a334cf6d77eee32abd905,EXTRACTED
1219b3c7_002280,1219b3c7,2280,76.0,720,1280,📍مسجد السلطان حسن واحد من أعظم التحف المعمارية في تاريخ الإسلام (1).mp4,1219b3c7905182d8ac458ac03d6e6085926837d3d715dd518cdffd41a4badef3,مسجد_السلطان_حسن_واحد_من_أعظم_التحف_المع_1219b3c7_002280_76.00s.jpg,e1a7b346f27877623c11fb7d6eb64b141eaf396a706333f7b56bdf8dcd670928,EXTRACTED
1219b3c7_002295,1219b3c7,2295,76.5,720,1280,📍مسجد السلطان حسن واحد من أعظم التحف المعمارية في تاريخ الإسلام (1).mp4,1219b3c7905182d8ac458ac03d6e6085926837d3d715dd518cdffd41a4badef3,مسجد_السلطان_حسن_واحد_من_أعظم_التحف_المع_1219b3c7_002295_76.50s.jpg,4aac351b2a20eff4dc55f248e861bd8e640487fb23c6093fb8fc199941d5d5b1,EXTRACTED
1219b3c7_002310,1219b3c7,2310,77.0,720,1280,📍مسجد السلطان حسن واحد من أعظم التحف المعمارية في تاريخ الإسلام (1).mp4,1219b3c7905182d8ac458ac03d6e6085926837d3d715dd518cdffd41a4badef3,مسجد_السلطان_حسن_واحد_من_أعظم_التحف_المع_1219b3c7_002310_77.00s.jpg,a5e131c41d1dd5bf7f6071f7361c3c6de1d4654870f8c898d1e86caefe0ad4f1,EXTRACTED
1219b3c7_002325,1219b3c7,2325,77.5,720,1280,📍مسجد السلطان حسن واحد من أعظم التحف المعمارية في تاريخ الإسلام (1).mp4,1219b3c7905182d8ac458ac03d6e6085926837d3d715dd518cdffd41a4badef3,مسجد_السلطان_حسن_واحد_من_أعظم_التحف_المع_1219b3c7_002325_77.50s.jpg,127c55a78e0fd7d3e79d71cd8e2cd727f98686e9bf584dd8df6e5aa5c24c0937,EXTRACTED
1219b3c7_002340,1219b3c7,2340,78.0,720,1280,📍مسجد السلطان حسن واحد من أعظم التحف المعمارية في تاريخ الإسلام (1).mp4,1219b3c7905182d8ac458ac03d6e6085926837d3d715dd518cdffd41a4badef3,مسجد_السلطان_حسن_واحد_من_أعظم_التحف_المع_1219b3c7_002340_78.00s.jpg,d62bc7827bdc64beb0c8d44260825b2d652c6e6523a385922efa5e98db279239,EXTRACTED
1219b3c7_002355,1219b3c7,2355,78.5,720,1280,📍مسجد السلطان حسن واحد من أعظم التحف المعمارية في تاريخ الإسلام (1).mp4,1219b3c7905182d8ac458ac03d6e6085926837d3d715dd518cdffd41a4badef3,مسجد_السلطان_حسن_واحد_من_أعظم_التحف_المع_1219b3c7_002355_78.50s.jpg,9462fac0bb40b6b1065c084390716c755fdd8f2573a59e3b285b20f5db37567f,EXTRACTED
